#,Time,%Passes,Change,Test,Pass,Partial,Fail,Untested
0,Thu Jun 10 16:31:01 EDT 2021,26,26,DelegatingPainter,A3MainCallsDelegatingViewFactoryMethod+ A3MainCallsObservablePainterFactoryMethod+ DelegatingViewFactoryMethodDefined+ ExistingPaintListener+ NewPaintListener+ ObservablePainterFactoryMethodDefined+ PaintListenerISAPropertyChangeListener+ PaintListenerPaintDefined+ PaintListenerRepaints+ TaggedDelegatingView+ TaggedLocatable+ TaggedObservablePainter+ , , ,A3MainCallsInheritingPainterFactoryMethod ArthurBridgeSceneController BoundedShapeAnnouncesPropertyChangeEvent BoundedShapeInstantiatesPropertyChangeEvent ConsoleSceneViewGetsBridgeScene ConsoleSceneViewISAPropertyChangeListener ConsoleSceneViewPrintsPropertyChangeEvent ConsoleSceneViewRegistersWithLocatables GalahadBridgeSceneController InheritingPainterDraws InheritingPainterFactoryMethodDefined InheritingPainterPaintDefined InheritingPainterRegistersWithLocatables InheritingPainterRepaints InheritingViewISAPropertyChangeListener LancelotBridgeSceneController LocatableAnnouncesPropertyChangeEvent LocatableInstantiatesPropertyChangeEvent LocatablePropertyChangeListenersProperty Locatable_IS_A_PropertyListenerRegisterer RobinBridgeSceneController SceneControllerAccessesArthur SceneControllerAccessesGalahad SceneControllerAccessesLancelot SceneControllerAccessesRobin SceneControllerFactoryMethodDefined SceneControllerISAKeyListener SceneControllerISAMouseListener SceneControllerRegistersAsKeyListener SceneControllerRegistersAsMouseListener TaggedBridgeSceneController TaggedConsoleSceneView TaggedInheritingPainter ,
1,Thu Jun 10 16:31:17 EDT 2021,57,31,BridgeSceneController,A3MainCallsDelegatingViewFactoryMethod A3MainCallsObservablePainterFactoryMethod ArthurBridgeSceneController+ DelegatingViewFactoryMethodDefined ExistingPaintListener GalahadBridgeSceneController+ LancelotBridgeSceneController+ NewPaintListener ObservablePainterFactoryMethodDefined PaintListenerISAPropertyChangeListener PaintListenerPaintDefined PaintListenerRepaints RobinBridgeSceneController+ SceneControllerAccessesArthur+ SceneControllerAccessesGalahad+ SceneControllerAccessesLancelot+ SceneControllerAccessesRobin+ SceneControllerFactoryMethodDefined+ SceneControllerISAKeyListener+ SceneControllerISAMouseListener+ SceneControllerRegistersAsKeyListener+ SceneControllerRegistersAsMouseListener+ TaggedBridgeSceneController+ TaggedDelegatingView TaggedLocatable TaggedObservablePainter , , ,A3MainCallsInheritingPainterFactoryMethod BoundedShapeAnnouncesPropertyChangeEvent BoundedShapeInstantiatesPropertyChangeEvent ConsoleSceneViewGetsBridgeScene ConsoleSceneViewISAPropertyChangeListener ConsoleSceneViewPrintsPropertyChangeEvent ConsoleSceneViewRegistersWithLocatables InheritingPainterDraws InheritingPainterFactoryMethodDefined InheritingPainterPaintDefined InheritingPainterRegistersWithLocatables InheritingPainterRepaints InheritingViewISAPropertyChangeListener LocatableAnnouncesPropertyChangeEvent LocatableInstantiatesPropertyChangeEvent LocatablePropertyChangeListenersProperty Locatable_IS_A_PropertyListenerRegisterer TaggedConsoleSceneView TaggedInheritingPainter ,
2,Thu Jun 10 16:31:34 EDT 2021,68,11,A3Observables,A3MainCallsDelegatingViewFactoryMethod A3MainCallsObservablePainterFactoryMethod ArthurBridgeSceneController BoundedShapeAnnouncesPropertyChangeEvent+ BoundedShapeInstantiatesPropertyChangeEvent+ DelegatingViewFactoryMethodDefined ExistingPaintListener GalahadBridgeSceneController LancelotBridgeSceneController LocatableAnnouncesPropertyChangeEvent+ LocatableInstantiatesPropertyChangeEvent+ Locatable_IS_A_PropertyListenerRegisterer+ NewPaintListener ObservablePainterFactoryMethodDefined PaintListenerISAPropertyChangeListener PaintListenerPaintDefined PaintListenerRepaints RobinBridgeSceneController SceneControllerAccessesArthur SceneControllerAccessesGalahad SceneControllerAccessesLancelot SceneControllerAccessesRobin SceneControllerFactoryMethodDefined SceneControllerISAKeyListener SceneControllerISAMouseListener SceneControllerRegistersAsKeyListener SceneControllerRegistersAsMouseListener TaggedBridgeSceneController TaggedDelegatingView TaggedLocatable TaggedObservablePainter , ,LocatablePropertyChangeListenersProperty+ ,A3MainCallsInheritingPainterFactoryMethod ConsoleSceneViewGetsBridgeScene ConsoleSceneViewISAPropertyChangeListener ConsoleSceneViewPrintsPropertyChangeEvent ConsoleSceneViewRegistersWithLocatables InheritingPainterDraws InheritingPainterFactoryMethodDefined InheritingPainterPaintDefined InheritingPainterRegistersWithLocatables InheritingPainterRepaints InheritingViewISAPropertyChangeListener TaggedConsoleSceneView TaggedInheritingPainter ,
3,Thu Jun 10 16:31:46 EDT 2021,77,9,A3ConsoleSceneView,A3MainCallsDelegatingViewFactoryMethod A3MainCallsObservablePainterFactoryMethod ArthurBridgeSceneController BoundedShapeAnnouncesPropertyChangeEvent BoundedShapeInstantiatesPropertyChangeEvent ConsoleSceneViewGetsBridgeScene+ ConsoleSceneViewISAPropertyChangeListener+ ConsoleSceneViewPrintsPropertyChangeEvent+ DelegatingViewFactoryMethodDefined ExistingPaintListener GalahadBridgeSceneController LancelotBridgeSceneController LocatableAnnouncesPropertyChangeEvent LocatableInstantiatesPropertyChangeEvent Locatable_IS_A_PropertyListenerRegisterer NewPaintListener ObservablePainterFactoryMethodDefined PaintListenerISAPropertyChangeListener PaintListenerPaintDefined PaintListenerRepaints RobinBridgeSceneController SceneControllerAccessesArthur SceneControllerAccessesGalahad SceneControllerAccessesLancelot SceneControllerAccessesRobin SceneControllerFactoryMethodDefined SceneControllerISAKeyListener SceneControllerISAMouseListener SceneControllerRegistersAsKeyListener SceneControllerRegistersAsMouseListener TaggedBridgeSceneController TaggedConsoleSceneView+ TaggedDelegatingView TaggedLocatable TaggedObservablePainter , ,ConsoleSceneViewRegistersWithLocatables+ LocatablePropertyChangeListenersProperty ,A3MainCallsInheritingPainterFactoryMethod InheritingPainterDraws InheritingPainterFactoryMethodDefined InheritingPainterPaintDefined InheritingPainterRegistersWithLocatables InheritingPainterRepaints InheritingViewISAPropertyChangeListener TaggedInheritingPainter ,
4,Thu Jun 10 18:22:28 EDT 2021,67,0,DelegatingPainter,A3MainCallsDelegatingViewFactoryMethod A3MainCallsObservablePainterFactoryMethod ArthurBridgeSceneController BoundedShapeAnnouncesPropertyChangeEvent BoundedShapeInstantiatesPropertyChangeEvent ConsoleSceneViewGetsBridgeScene ConsoleSceneViewISAPropertyChangeListener ConsoleSceneViewPrintsPropertyChangeEvent DelegatingViewFactoryMethodDefined ExistingPaintListener GalahadBridgeSceneController LancelotBridgeSceneController LocatableAnnouncesPropertyChangeEvent LocatableInstantiatesPropertyChangeEvent Locatable_IS_A_PropertyListenerRegisterer NewPaintListener ObservablePainterFactoryMethodDefined PaintListenerISAPropertyChangeListener PaintListenerPaintDefined PaintListenerRepaints RobinBridgeSceneController SceneControllerAccessesArthur SceneControllerAccessesGalahad SceneControllerAccessesLancelot SceneControllerAccessesRobin SceneControllerFactoryMethodDefined SceneControllerISAKeyListener SceneControllerISAMouseListener SceneControllerRegistersAsKeyListener SceneControllerRegistersAsMouseListener TaggedBridgeSceneController TaggedConsoleSceneView TaggedDelegatingView TaggedLocatable TaggedObservablePainter , ,ConsoleSceneViewRegistersWithLocatables LocatablePropertyChangeListenersProperty ,A3MainCallsInheritingPainterFactoryMethod AvatarTableFactoryMethodDefined BridgeSceneAvatarApproachCalled BridgeSceneCallsAvatarTableFactoryMethod BridgeSceneStringApproachMethodDefined InheritingPainterDraws InheritingPainterFactoryMethodDefined InheritingPainterPaintDefined InheritingPainterRegistersWithLocatables InheritingPainterRepaints InheritingViewISAPropertyChangeListener TableIsGeneric TableSemantics TaggedInheritingPainter TaggedTable ,
5,Thu Jun 10 18:22:39 EDT 2021,67,0,A3ConsoleSceneView,A3MainCallsDelegatingViewFactoryMethod A3MainCallsObservablePainterFactoryMethod ArthurBridgeSceneController BoundedShapeAnnouncesPropertyChangeEvent BoundedShapeInstantiatesPropertyChangeEvent ConsoleSceneViewGetsBridgeScene ConsoleSceneViewISAPropertyChangeListener ConsoleSceneViewPrintsPropertyChangeEvent DelegatingViewFactoryMethodDefined ExistingPaintListener GalahadBridgeSceneController LancelotBridgeSceneController LocatableAnnouncesPropertyChangeEvent LocatableInstantiatesPropertyChangeEvent Locatable_IS_A_PropertyListenerRegisterer NewPaintListener ObservablePainterFactoryMethodDefined PaintListenerISAPropertyChangeListener PaintListenerPaintDefined PaintListenerRepaints RobinBridgeSceneController SceneControllerAccessesArthur SceneControllerAccessesGalahad SceneControllerAccessesLancelot SceneControllerAccessesRobin SceneControllerFactoryMethodDefined SceneControllerISAKeyListener SceneControllerISAMouseListener SceneControllerRegistersAsKeyListener SceneControllerRegistersAsMouseListener TaggedBridgeSceneController TaggedConsoleSceneView TaggedDelegatingView TaggedLocatable TaggedObservablePainter , ,ConsoleSceneViewRegistersWithLocatables LocatablePropertyChangeListenersProperty ,A3MainCallsInheritingPainterFactoryMethod AvatarTableFactoryMethodDefined BridgeSceneAvatarApproachCalled BridgeSceneCallsAvatarTableFactoryMethod BridgeSceneStringApproachMethodDefined InheritingPainterDraws InheritingPainterFactoryMethodDefined InheritingPainterPaintDefined InheritingPainterRegistersWithLocatables InheritingPainterRepaints InheritingViewISAPropertyChangeListener TableIsGeneric TableSemantics TaggedInheritingPainter TaggedTable ,
6,Thu Jun 10 18:22:53 EDT 2021,67,0,BridgeSceneController,A3MainCallsDelegatingViewFactoryMethod A3MainCallsObservablePainterFactoryMethod ArthurBridgeSceneController BoundedShapeAnnouncesPropertyChangeEvent BoundedShapeInstantiatesPropertyChangeEvent ConsoleSceneViewGetsBridgeScene ConsoleSceneViewISAPropertyChangeListener ConsoleSceneViewPrintsPropertyChangeEvent DelegatingViewFactoryMethodDefined ExistingPaintListener GalahadBridgeSceneController LancelotBridgeSceneController LocatableAnnouncesPropertyChangeEvent LocatableInstantiatesPropertyChangeEvent Locatable_IS_A_PropertyListenerRegisterer NewPaintListener ObservablePainterFactoryMethodDefined PaintListenerISAPropertyChangeListener PaintListenerPaintDefined PaintListenerRepaints RobinBridgeSceneController SceneControllerAccessesArthur SceneControllerAccessesGalahad SceneControllerAccessesLancelot SceneControllerAccessesRobin SceneControllerFactoryMethodDefined SceneControllerISAKeyListener SceneControllerISAMouseListener SceneControllerRegistersAsKeyListener SceneControllerRegistersAsMouseListener TaggedBridgeSceneController TaggedConsoleSceneView TaggedDelegatingView TaggedLocatable TaggedObservablePainter , ,ConsoleSceneViewRegistersWithLocatables LocatablePropertyChangeListenersProperty ,A3MainCallsInheritingPainterFactoryMethod AvatarTableFactoryMethodDefined BridgeSceneAvatarApproachCalled BridgeSceneCallsAvatarTableFactoryMethod BridgeSceneStringApproachMethodDefined InheritingPainterDraws InheritingPainterFactoryMethodDefined InheritingPainterPaintDefined InheritingPainterRegistersWithLocatables InheritingPainterRepaints InheritingViewISAPropertyChangeListener TableIsGeneric TableSemantics TaggedInheritingPainter TaggedTable ,
7,Thu Jun 10 18:23:03 EDT 2021,71,4,Table,A3MainCallsDelegatingViewFactoryMethod A3MainCallsObservablePainterFactoryMethod ArthurBridgeSceneController BoundedShapeAnnouncesPropertyChangeEvent BoundedShapeInstantiatesPropertyChangeEvent BridgeSceneAvatarApproachCalled+ BridgeSceneStringApproachMethodDefined+ ConsoleSceneViewGetsBridgeScene ConsoleSceneViewISAPropertyChangeListener ConsoleSceneViewPrintsPropertyChangeEvent DelegatingViewFactoryMethodDefined ExistingPaintListener GalahadBridgeSceneController LancelotBridgeSceneController LocatableAnnouncesPropertyChangeEvent LocatableInstantiatesPropertyChangeEvent Locatable_IS_A_PropertyListenerRegisterer NewPaintListener ObservablePainterFactoryMethodDefined PaintListenerISAPropertyChangeListener PaintListenerPaintDefined PaintListenerRepaints RobinBridgeSceneController SceneControllerAccessesArthur SceneControllerAccessesGalahad SceneControllerAccessesLancelot SceneControllerAccessesRobin SceneControllerFactoryMethodDefined SceneControllerISAKeyListener SceneControllerISAMouseListener SceneControllerRegistersAsKeyListener SceneControllerRegistersAsMouseListener TaggedBridgeSceneController TaggedConsoleSceneView TaggedDelegatingView TaggedLocatable TaggedObservablePainter , ,AvatarTableFactoryMethodDefined+ BridgeSceneCallsAvatarTableFactoryMethod+ ConsoleSceneViewRegistersWithLocatables LocatablePropertyChangeListenersProperty TableIsGeneric+ TableSemantics+ TaggedTable+ ,A3MainCallsInheritingPainterFactoryMethod InheritingPainterDraws InheritingPainterFactoryMethodDefined InheritingPainterPaintDefined InheritingPainterRegistersWithLocatables InheritingPainterRepaints InheritingViewISAPropertyChangeListener TaggedInheritingPainter ,
8,Thu Jun 10 18:25:45 EDT 2021,71,0,Table,A3MainCallsDelegatingViewFactoryMethod A3MainCallsObservablePainterFactoryMethod ArthurBridgeSceneController BoundedShapeAnnouncesPropertyChangeEvent BoundedShapeInstantiatesPropertyChangeEvent BridgeSceneAvatarApproachCalled BridgeSceneStringApproachMethodDefined ConsoleSceneViewGetsBridgeScene ConsoleSceneViewISAPropertyChangeListener ConsoleSceneViewPrintsPropertyChangeEvent DelegatingViewFactoryMethodDefined ExistingPaintListener GalahadBridgeSceneController LancelotBridgeSceneController LocatableAnnouncesPropertyChangeEvent LocatableInstantiatesPropertyChangeEvent Locatable_IS_A_PropertyListenerRegisterer NewPaintListener ObservablePainterFactoryMethodDefined PaintListenerISAPropertyChangeListener PaintListenerPaintDefined PaintListenerRepaints RobinBridgeSceneController SceneControllerAccessesArthur SceneControllerAccessesGalahad SceneControllerAccessesLancelot SceneControllerAccessesRobin SceneControllerFactoryMethodDefined SceneControllerISAKeyListener SceneControllerISAMouseListener SceneControllerRegistersAsKeyListener SceneControllerRegistersAsMouseListener TaggedBridgeSceneController TaggedConsoleSceneView TaggedDelegatingView TaggedLocatable TaggedObservablePainter , ,AvatarTableFactoryMethodDefined BridgeSceneCallsAvatarTableFactoryMethod ConsoleSceneViewRegistersWithLocatables LocatablePropertyChangeListenersProperty TableIsGeneric TableSemantics TaggedTable ,A3MainCallsInheritingPainterFactoryMethod InheritingPainterDraws InheritingPainterFactoryMethodDefined InheritingPainterPaintDefined InheritingPainterRegistersWithLocatables InheritingPainterRepaints InheritingViewISAPropertyChangeListener TaggedInheritingPainter ,
9,Thu Jun 10 18:28:26 EDT 2021,71,0,Table,A3MainCallsDelegatingViewFactoryMethod A3MainCallsObservablePainterFactoryMethod ArthurBridgeSceneController BoundedShapeAnnouncesPropertyChangeEvent BoundedShapeInstantiatesPropertyChangeEvent BridgeSceneAvatarApproachCalled BridgeSceneStringApproachMethodDefined ConsoleSceneViewGetsBridgeScene ConsoleSceneViewISAPropertyChangeListener ConsoleSceneViewPrintsPropertyChangeEvent DelegatingViewFactoryMethodDefined ExistingPaintListener GalahadBridgeSceneController LancelotBridgeSceneController LocatableAnnouncesPropertyChangeEvent LocatableInstantiatesPropertyChangeEvent Locatable_IS_A_PropertyListenerRegisterer NewPaintListener ObservablePainterFactoryMethodDefined PaintListenerISAPropertyChangeListener PaintListenerPaintDefined PaintListenerRepaints RobinBridgeSceneController SceneControllerAccessesArthur SceneControllerAccessesGalahad SceneControllerAccessesLancelot SceneControllerAccessesRobin SceneControllerFactoryMethodDefined SceneControllerISAKeyListener SceneControllerISAMouseListener SceneControllerRegistersAsKeyListener SceneControllerRegistersAsMouseListener TaggedBridgeSceneController TaggedConsoleSceneView TaggedDelegatingView TaggedLocatable TaggedObservablePainter , ,AvatarTableFactoryMethodDefined BridgeSceneCallsAvatarTableFactoryMethod ConsoleSceneViewRegistersWithLocatables LocatablePropertyChangeListenersProperty TableIsGeneric TableSemantics TaggedTable ,A3MainCallsInheritingPainterFactoryMethod InheritingPainterDraws InheritingPainterFactoryMethodDefined InheritingPainterPaintDefined InheritingPainterRegistersWithLocatables InheritingPainterRepaints InheritingViewISAPropertyChangeListener TaggedInheritingPainter ,
10,Thu Jun 10 18:32:17 EDT 2021,71,0,Table,A3MainCallsDelegatingViewFactoryMethod A3MainCallsObservablePainterFactoryMethod ArthurBridgeSceneController BoundedShapeAnnouncesPropertyChangeEvent BoundedShapeInstantiatesPropertyChangeEvent BridgeSceneAvatarApproachCalled BridgeSceneStringApproachMethodDefined ConsoleSceneViewGetsBridgeScene ConsoleSceneViewISAPropertyChangeListener ConsoleSceneViewPrintsPropertyChangeEvent DelegatingViewFactoryMethodDefined ExistingPaintListener GalahadBridgeSceneController LancelotBridgeSceneController LocatableAnnouncesPropertyChangeEvent LocatableInstantiatesPropertyChangeEvent Locatable_IS_A_PropertyListenerRegisterer NewPaintListener ObservablePainterFactoryMethodDefined PaintListenerISAPropertyChangeListener PaintListenerPaintDefined PaintListenerRepaints RobinBridgeSceneController SceneControllerAccessesArthur SceneControllerAccessesGalahad SceneControllerAccessesLancelot SceneControllerAccessesRobin SceneControllerFactoryMethodDefined SceneControllerISAKeyListener SceneControllerISAMouseListener SceneControllerRegistersAsKeyListener SceneControllerRegistersAsMouseListener TaggedBridgeSceneController TaggedConsoleSceneView TaggedDelegatingView TaggedLocatable TaggedObservablePainter , ,AvatarTableFactoryMethodDefined BridgeSceneCallsAvatarTableFactoryMethod ConsoleSceneViewRegistersWithLocatables LocatablePropertyChangeListenersProperty TableIsGeneric TableSemantics TaggedTable ,A3MainCallsInheritingPainterFactoryMethod InheritingPainterDraws InheritingPainterFactoryMethodDefined InheritingPainterPaintDefined InheritingPainterRegistersWithLocatables InheritingPainterRepaints InheritingViewISAPropertyChangeListener TaggedInheritingPainter ,
11,Thu Jun 10 18:34:43 EDT 2021,71,0,Table,A3MainCallsDelegatingViewFactoryMethod A3MainCallsObservablePainterFactoryMethod ArthurBridgeSceneController BoundedShapeAnnouncesPropertyChangeEvent BoundedShapeInstantiatesPropertyChangeEvent BridgeSceneAvatarApproachCalled BridgeSceneStringApproachMethodDefined ConsoleSceneViewGetsBridgeScene ConsoleSceneViewISAPropertyChangeListener ConsoleSceneViewPrintsPropertyChangeEvent DelegatingViewFactoryMethodDefined ExistingPaintListener GalahadBridgeSceneController LancelotBridgeSceneController LocatableAnnouncesPropertyChangeEvent LocatableInstantiatesPropertyChangeEvent Locatable_IS_A_PropertyListenerRegisterer NewPaintListener ObservablePainterFactoryMethodDefined PaintListenerISAPropertyChangeListener PaintListenerPaintDefined PaintListenerRepaints RobinBridgeSceneController SceneControllerAccessesArthur SceneControllerAccessesGalahad SceneControllerAccessesLancelot SceneControllerAccessesRobin SceneControllerFactoryMethodDefined SceneControllerISAKeyListener SceneControllerISAMouseListener SceneControllerRegistersAsKeyListener SceneControllerRegistersAsMouseListener TaggedBridgeSceneController TaggedConsoleSceneView TaggedDelegatingView TaggedLocatable TaggedObservablePainter , ,AvatarTableFactoryMethodDefined BridgeSceneCallsAvatarTableFactoryMethod ConsoleSceneViewRegistersWithLocatables LocatablePropertyChangeListenersProperty TableIsGeneric TableSemantics TaggedTable ,A3MainCallsInheritingPainterFactoryMethod InheritingPainterDraws InheritingPainterFactoryMethodDefined InheritingPainterPaintDefined InheritingPainterRegistersWithLocatables InheritingPainterRepaints InheritingViewISAPropertyChangeListener TaggedInheritingPainter ,
12,Thu Jun 10 18:37:22 EDT 2021,71,0,Table,A3MainCallsDelegatingViewFactoryMethod A3MainCallsObservablePainterFactoryMethod ArthurBridgeSceneController BoundedShapeAnnouncesPropertyChangeEvent BoundedShapeInstantiatesPropertyChangeEvent BridgeSceneAvatarApproachCalled BridgeSceneStringApproachMethodDefined ConsoleSceneViewGetsBridgeScene ConsoleSceneViewISAPropertyChangeListener ConsoleSceneViewPrintsPropertyChangeEvent DelegatingViewFactoryMethodDefined ExistingPaintListener GalahadBridgeSceneController LancelotBridgeSceneController LocatableAnnouncesPropertyChangeEvent LocatableInstantiatesPropertyChangeEvent Locatable_IS_A_PropertyListenerRegisterer NewPaintListener ObservablePainterFactoryMethodDefined PaintListenerISAPropertyChangeListener PaintListenerPaintDefined PaintListenerRepaints RobinBridgeSceneController SceneControllerAccessesArthur SceneControllerAccessesGalahad SceneControllerAccessesLancelot SceneControllerAccessesRobin SceneControllerFactoryMethodDefined SceneControllerISAKeyListener SceneControllerISAMouseListener SceneControllerRegistersAsKeyListener SceneControllerRegistersAsMouseListener TaggedBridgeSceneController TaggedConsoleSceneView TaggedDelegatingView TaggedLocatable TaggedObservablePainter , ,AvatarTableFactoryMethodDefined BridgeSceneCallsAvatarTableFactoryMethod ConsoleSceneViewRegistersWithLocatables LocatablePropertyChangeListenersProperty TableIsGeneric TableSemantics TaggedTable ,A3MainCallsInheritingPainterFactoryMethod InheritingPainterDraws InheritingPainterFactoryMethodDefined InheritingPainterPaintDefined InheritingPainterRegistersWithLocatables InheritingPainterRepaints InheritingViewISAPropertyChangeListener TaggedInheritingPainter ,
13,Thu Jun 10 18:46:46 EDT 2021,80,9,Table,A3MainCallsDelegatingViewFactoryMethod A3MainCallsObservablePainterFactoryMethod ArthurBridgeSceneController AvatarTableFactoryMethodDefined+ BoundedShapeAnnouncesPropertyChangeEvent BoundedShapeInstantiatesPropertyChangeEvent BridgeSceneAvatarApproachCalled BridgeSceneCallsAvatarTableFactoryMethod+ BridgeSceneStringApproachMethodDefined ConsoleSceneViewGetsBridgeScene ConsoleSceneViewISAPropertyChangeListener ConsoleSceneViewPrintsPropertyChangeEvent DelegatingViewFactoryMethodDefined ExistingPaintListener GalahadBridgeSceneController LancelotBridgeSceneController LocatableAnnouncesPropertyChangeEvent LocatableInstantiatesPropertyChangeEvent Locatable_IS_A_PropertyListenerRegisterer NewPaintListener ObservablePainterFactoryMethodDefined PaintListenerISAPropertyChangeListener PaintListenerPaintDefined PaintListenerRepaints RobinBridgeSceneController SceneControllerAccessesArthur SceneControllerAccessesGalahad SceneControllerAccessesLancelot SceneControllerAccessesRobin SceneControllerFactoryMethodDefined SceneControllerISAKeyListener SceneControllerISAMouseListener SceneControllerRegistersAsKeyListener SceneControllerRegistersAsMouseListener TableIsGeneric+ TableSemantics+ TaggedBridgeSceneController TaggedConsoleSceneView TaggedDelegatingView TaggedLocatable TaggedObservablePainter TaggedTable+ , ,ConsoleSceneViewRegistersWithLocatables LocatablePropertyChangeListenersProperty ,A3MainCallsInheritingPainterFactoryMethod InheritingPainterDraws InheritingPainterFactoryMethodDefined InheritingPainterPaintDefined InheritingPainterRegistersWithLocatables InheritingPainterRepaints InheritingViewISAPropertyChangeListener TaggedInheritingPainter ,
14,Thu Jun 10 18:48:19 EDT 2021,80,0,A3Observables,A3MainCallsDelegatingViewFactoryMethod A3MainCallsObservablePainterFactoryMethod ArthurBridgeSceneController AvatarTableFactoryMethodDefined BoundedShapeAnnouncesPropertyChangeEvent BoundedShapeInstantiatesPropertyChangeEvent BridgeSceneAvatarApproachCalled BridgeSceneCallsAvatarTableFactoryMethod BridgeSceneStringApproachMethodDefined ConsoleSceneViewGetsBridgeScene ConsoleSceneViewISAPropertyChangeListener ConsoleSceneViewPrintsPropertyChangeEvent DelegatingViewFactoryMethodDefined ExistingPaintListener GalahadBridgeSceneController LancelotBridgeSceneController LocatableAnnouncesPropertyChangeEvent LocatableInstantiatesPropertyChangeEvent Locatable_IS_A_PropertyListenerRegisterer NewPaintListener ObservablePainterFactoryMethodDefined PaintListenerISAPropertyChangeListener PaintListenerPaintDefined PaintListenerRepaints RobinBridgeSceneController SceneControllerAccessesArthur SceneControllerAccessesGalahad SceneControllerAccessesLancelot SceneControllerAccessesRobin SceneControllerFactoryMethodDefined SceneControllerISAKeyListener SceneControllerISAMouseListener SceneControllerRegistersAsKeyListener SceneControllerRegistersAsMouseListener TableIsGeneric TableSemantics TaggedBridgeSceneController TaggedConsoleSceneView TaggedDelegatingView TaggedLocatable TaggedObservablePainter TaggedTable , ,ConsoleSceneViewRegistersWithLocatables LocatablePropertyChangeListenersProperty ,A3MainCallsInheritingPainterFactoryMethod InheritingPainterDraws InheritingPainterFactoryMethodDefined InheritingPainterPaintDefined InheritingPainterRegistersWithLocatables InheritingPainterRepaints InheritingViewISAPropertyChangeListener TaggedInheritingPainter ,
15,Thu Jun 10 18:48:36 EDT 2021,80,0,BridgeSceneController,A3MainCallsDelegatingViewFactoryMethod A3MainCallsObservablePainterFactoryMethod ArthurBridgeSceneController AvatarTableFactoryMethodDefined BoundedShapeAnnouncesPropertyChangeEvent BoundedShapeInstantiatesPropertyChangeEvent BridgeSceneAvatarApproachCalled BridgeSceneCallsAvatarTableFactoryMethod BridgeSceneStringApproachMethodDefined ConsoleSceneViewGetsBridgeScene ConsoleSceneViewISAPropertyChangeListener ConsoleSceneViewPrintsPropertyChangeEvent DelegatingViewFactoryMethodDefined ExistingPaintListener GalahadBridgeSceneController LancelotBridgeSceneController LocatableAnnouncesPropertyChangeEvent LocatableInstantiatesPropertyChangeEvent Locatable_IS_A_PropertyListenerRegisterer NewPaintListener ObservablePainterFactoryMethodDefined PaintListenerISAPropertyChangeListener PaintListenerPaintDefined PaintListenerRepaints RobinBridgeSceneController SceneControllerAccessesArthur SceneControllerAccessesGalahad SceneControllerAccessesLancelot SceneControllerAccessesRobin SceneControllerFactoryMethodDefined SceneControllerISAKeyListener SceneControllerISAMouseListener SceneControllerRegistersAsKeyListener SceneControllerRegistersAsMouseListener TableIsGeneric TableSemantics TaggedBridgeSceneController TaggedConsoleSceneView TaggedDelegatingView TaggedLocatable TaggedObservablePainter TaggedTable , ,ConsoleSceneViewRegistersWithLocatables LocatablePropertyChangeListenersProperty ,A3MainCallsInheritingPainterFactoryMethod InheritingPainterDraws InheritingPainterFactoryMethodDefined InheritingPainterPaintDefined InheritingPainterRegistersWithLocatables InheritingPainterRepaints InheritingViewISAPropertyChangeListener TaggedInheritingPainter ,
16,Thu Jun 10 18:48:53 EDT 2021,80,0,A3ConsoleSceneView,A3MainCallsDelegatingViewFactoryMethod A3MainCallsObservablePainterFactoryMethod ArthurBridgeSceneController AvatarTableFactoryMethodDefined BoundedShapeAnnouncesPropertyChangeEvent BoundedShapeInstantiatesPropertyChangeEvent BridgeSceneAvatarApproachCalled BridgeSceneCallsAvatarTableFactoryMethod BridgeSceneStringApproachMethodDefined ConsoleSceneViewGetsBridgeScene ConsoleSceneViewISAPropertyChangeListener ConsoleSceneViewPrintsPropertyChangeEvent DelegatingViewFactoryMethodDefined ExistingPaintListener GalahadBridgeSceneController LancelotBridgeSceneController LocatableAnnouncesPropertyChangeEvent LocatableInstantiatesPropertyChangeEvent Locatable_IS_A_PropertyListenerRegisterer NewPaintListener ObservablePainterFactoryMethodDefined PaintListenerISAPropertyChangeListener PaintListenerPaintDefined PaintListenerRepaints RobinBridgeSceneController SceneControllerAccessesArthur SceneControllerAccessesGalahad SceneControllerAccessesLancelot SceneControllerAccessesRobin SceneControllerFactoryMethodDefined SceneControllerISAKeyListener SceneControllerISAMouseListener SceneControllerRegistersAsKeyListener SceneControllerRegistersAsMouseListener TableIsGeneric TableSemantics TaggedBridgeSceneController TaggedConsoleSceneView TaggedDelegatingView TaggedLocatable TaggedObservablePainter TaggedTable , ,ConsoleSceneViewRegistersWithLocatables LocatablePropertyChangeListenersProperty ,A3MainCallsInheritingPainterFactoryMethod InheritingPainterDraws InheritingPainterFactoryMethodDefined InheritingPainterPaintDefined InheritingPainterRegistersWithLocatables InheritingPainterRepaints InheritingViewISAPropertyChangeListener TaggedInheritingPainter ,
17,Thu Jun 10 18:49:09 EDT 2021,80,0,DelegatingPainter,A3MainCallsDelegatingViewFactoryMethod A3MainCallsObservablePainterFactoryMethod ArthurBridgeSceneController AvatarTableFactoryMethodDefined BoundedShapeAnnouncesPropertyChangeEvent BoundedShapeInstantiatesPropertyChangeEvent BridgeSceneAvatarApproachCalled BridgeSceneCallsAvatarTableFactoryMethod BridgeSceneStringApproachMethodDefined ConsoleSceneViewGetsBridgeScene ConsoleSceneViewISAPropertyChangeListener ConsoleSceneViewPrintsPropertyChangeEvent DelegatingViewFactoryMethodDefined ExistingPaintListener GalahadBridgeSceneController LancelotBridgeSceneController LocatableAnnouncesPropertyChangeEvent LocatableInstantiatesPropertyChangeEvent Locatable_IS_A_PropertyListenerRegisterer NewPaintListener ObservablePainterFactoryMethodDefined PaintListenerISAPropertyChangeListener PaintListenerPaintDefined PaintListenerRepaints RobinBridgeSceneController SceneControllerAccessesArthur SceneControllerAccessesGalahad SceneControllerAccessesLancelot SceneControllerAccessesRobin SceneControllerFactoryMethodDefined SceneControllerISAKeyListener SceneControllerISAMouseListener SceneControllerRegistersAsKeyListener SceneControllerRegistersAsMouseListener TableIsGeneric TableSemantics TaggedBridgeSceneController TaggedConsoleSceneView TaggedDelegatingView TaggedLocatable TaggedObservablePainter TaggedTable , ,ConsoleSceneViewRegistersWithLocatables LocatablePropertyChangeListenersProperty ,A3MainCallsInheritingPainterFactoryMethod InheritingPainterDraws InheritingPainterFactoryMethodDefined InheritingPainterPaintDefined InheritingPainterRegistersWithLocatables InheritingPainterRepaints InheritingViewISAPropertyChangeListener TaggedInheritingPainter ,
18,Thu Jun 10 19:13:36 EDT 2021,80,0,BridgeSceneController,A3MainCallsDelegatingViewFactoryMethod A3MainCallsObservablePainterFactoryMethod ArthurBridgeSceneController AvatarTableFactoryMethodDefined BoundedShapeAnnouncesPropertyChangeEvent BoundedShapeInstantiatesPropertyChangeEvent BridgeSceneAvatarApproachCalled BridgeSceneCallsAvatarTableFactoryMethod BridgeSceneStringApproachMethodDefined ConsoleSceneViewGetsBridgeScene ConsoleSceneViewISAPropertyChangeListener ConsoleSceneViewPrintsPropertyChangeEvent DelegatingViewFactoryMethodDefined ExistingPaintListener GalahadBridgeSceneController LancelotBridgeSceneController LocatableAnnouncesPropertyChangeEvent LocatableInstantiatesPropertyChangeEvent Locatable_IS_A_PropertyListenerRegisterer NewPaintListener ObservablePainterFactoryMethodDefined PaintListenerISAPropertyChangeListener PaintListenerPaintDefined PaintListenerRepaints RobinBridgeSceneController SceneControllerAccessesArthur SceneControllerAccessesGalahad SceneControllerAccessesLancelot SceneControllerAccessesRobin SceneControllerFactoryMethodDefined SceneControllerISAKeyListener SceneControllerISAMouseListener SceneControllerRegistersAsKeyListener SceneControllerRegistersAsMouseListener TableIsGeneric TableSemantics TaggedBridgeSceneController TaggedConsoleSceneView TaggedDelegatingView TaggedLocatable TaggedObservablePainter TaggedTable , ,ConsoleSceneViewRegistersWithLocatables LocatablePropertyChangeListenersProperty ,A3MainCallsInheritingPainterFactoryMethod InheritingPainterDraws InheritingPainterFactoryMethodDefined InheritingPainterPaintDefined InheritingPainterRegistersWithLocatables InheritingPainterRepaints InheritingViewISAPropertyChangeListener TaggedInheritingPainter ,
19,Thu Jun 10 19:37:42 EDT 2021,62,0,DelegatingPainter,A3MainCallsDelegatingViewFactoryMethod A3MainCallsObservablePainterFactoryMethod ArthurBridgeSceneController AvatarTableFactoryMethodDefined BoundedShapeAnnouncesPropertyChangeEvent BoundedShapeInstantiatesPropertyChangeEvent BridgeSceneAvatarApproachCalled BridgeSceneCallsAvatarTableFactoryMethod BridgeSceneStringApproachMethodDefined ConsoleSceneViewGetsBridgeScene ConsoleSceneViewISAPropertyChangeListener ConsoleSceneViewPrintsPropertyChangeEvent DelegatingViewFactoryMethodDefined ExistingPaintListener GalahadBridgeSceneController LancelotBridgeSceneController LocatableAnnouncesPropertyChangeEvent LocatableInstantiatesPropertyChangeEvent Locatable_IS_A_PropertyListenerRegisterer NewPaintListener ObservablePainterFactoryMethodDefined PaintListenerISAPropertyChangeListener PaintListenerPaintDefined PaintListenerRepaints RobinBridgeSceneController SceneControllerAccessesArthur SceneControllerAccessesGalahad SceneControllerAccessesLancelot SceneControllerAccessesRobin SceneControllerFactoryMethodDefined SceneControllerISAKeyListener SceneControllerISAMouseListener SceneControllerRegistersAsKeyListener SceneControllerRegistersAsMouseListener TableIsGeneric TableSemantics TaggedBridgeSceneController TaggedConsoleSceneView TaggedDelegatingView TaggedLocatable TaggedObservablePainter TaggedTable , ,ConsoleSceneViewRegistersWithLocatables LocatablePropertyChangeListenersProperty ,A3CommonPropertiesAreInherited A3CommonSignaturesAreInherited A3Encapsulation A3InterfaceAsType A3MainCallsInheritingPainterFactoryMethod A3MnemonicNames A3NamedConstants A3NamingConventions A3NoHiddenFields A3NoStarImports A3NonPublicAccessModifiersMatched A3PackageDeclarations A3PublicMethodsOverride A3SimplifyBooleanExpressions A3SimplifyBooleanReturns AvatarTableSemantics InheritingPainterDraws InheritingPainterFactoryMethodDefined InheritingPainterPaintDefined InheritingPainterRegistersWithLocatables InheritingPainterRepaints InheritingViewISAPropertyChangeListener TaggedInheritingPainter ,
20,Thu Jun 10 19:37:58 EDT 2021,62,0,BridgeSceneController,A3MainCallsDelegatingViewFactoryMethod A3MainCallsObservablePainterFactoryMethod ArthurBridgeSceneController AvatarTableFactoryMethodDefined BoundedShapeAnnouncesPropertyChangeEvent BoundedShapeInstantiatesPropertyChangeEvent BridgeSceneAvatarApproachCalled BridgeSceneCallsAvatarTableFactoryMethod BridgeSceneStringApproachMethodDefined ConsoleSceneViewGetsBridgeScene ConsoleSceneViewISAPropertyChangeListener ConsoleSceneViewPrintsPropertyChangeEvent DelegatingViewFactoryMethodDefined ExistingPaintListener GalahadBridgeSceneController LancelotBridgeSceneController LocatableAnnouncesPropertyChangeEvent LocatableInstantiatesPropertyChangeEvent Locatable_IS_A_PropertyListenerRegisterer NewPaintListener ObservablePainterFactoryMethodDefined PaintListenerISAPropertyChangeListener PaintListenerPaintDefined PaintListenerRepaints RobinBridgeSceneController SceneControllerAccessesArthur SceneControllerAccessesGalahad SceneControllerAccessesLancelot SceneControllerAccessesRobin SceneControllerFactoryMethodDefined SceneControllerISAKeyListener SceneControllerISAMouseListener SceneControllerRegistersAsKeyListener SceneControllerRegistersAsMouseListener TableIsGeneric TableSemantics TaggedBridgeSceneController TaggedConsoleSceneView TaggedDelegatingView TaggedLocatable TaggedObservablePainter TaggedTable , ,ConsoleSceneViewRegistersWithLocatables LocatablePropertyChangeListenersProperty ,A3CommonPropertiesAreInherited A3CommonSignaturesAreInherited A3Encapsulation A3InterfaceAsType A3MainCallsInheritingPainterFactoryMethod A3MnemonicNames A3NamedConstants A3NamingConventions A3NoHiddenFields A3NoStarImports A3NonPublicAccessModifiersMatched A3PackageDeclarations A3PublicMethodsOverride A3SimplifyBooleanExpressions A3SimplifyBooleanReturns AvatarTableSemantics InheritingPainterDraws InheritingPainterFactoryMethodDefined InheritingPainterPaintDefined InheritingPainterRegistersWithLocatables InheritingPainterRepaints InheritingViewISAPropertyChangeListener TaggedInheritingPainter ,
21,Thu Jun 10 19:38:19 EDT 2021,62,0,A3ConsoleSceneView,A3MainCallsDelegatingViewFactoryMethod A3MainCallsObservablePainterFactoryMethod ArthurBridgeSceneController AvatarTableFactoryMethodDefined BoundedShapeAnnouncesPropertyChangeEvent BoundedShapeInstantiatesPropertyChangeEvent BridgeSceneAvatarApproachCalled BridgeSceneCallsAvatarTableFactoryMethod BridgeSceneStringApproachMethodDefined ConsoleSceneViewGetsBridgeScene ConsoleSceneViewISAPropertyChangeListener ConsoleSceneViewPrintsPropertyChangeEvent DelegatingViewFactoryMethodDefined ExistingPaintListener GalahadBridgeSceneController LancelotBridgeSceneController LocatableAnnouncesPropertyChangeEvent LocatableInstantiatesPropertyChangeEvent Locatable_IS_A_PropertyListenerRegisterer NewPaintListener ObservablePainterFactoryMethodDefined PaintListenerISAPropertyChangeListener PaintListenerPaintDefined PaintListenerRepaints RobinBridgeSceneController SceneControllerAccessesArthur SceneControllerAccessesGalahad SceneControllerAccessesLancelot SceneControllerAccessesRobin SceneControllerFactoryMethodDefined SceneControllerISAKeyListener SceneControllerISAMouseListener SceneControllerRegistersAsKeyListener SceneControllerRegistersAsMouseListener TableIsGeneric TableSemantics TaggedBridgeSceneController TaggedConsoleSceneView TaggedDelegatingView TaggedLocatable TaggedObservablePainter TaggedTable , ,ConsoleSceneViewRegistersWithLocatables LocatablePropertyChangeListenersProperty ,A3CommonPropertiesAreInherited A3CommonSignaturesAreInherited A3Encapsulation A3InterfaceAsType A3MainCallsInheritingPainterFactoryMethod A3MnemonicNames A3NamedConstants A3NamingConventions A3NoHiddenFields A3NoStarImports A3NonPublicAccessModifiersMatched A3PackageDeclarations A3PublicMethodsOverride A3SimplifyBooleanExpressions A3SimplifyBooleanReturns AvatarTableSemantics InheritingPainterDraws InheritingPainterFactoryMethodDefined InheritingPainterPaintDefined InheritingPainterRegistersWithLocatables InheritingPainterRepaints InheritingViewISAPropertyChangeListener TaggedInheritingPainter ,
22,Thu Jun 10 19:38:35 EDT 2021,62,0,A3ConsoleSceneView,A3MainCallsDelegatingViewFactoryMethod A3MainCallsObservablePainterFactoryMethod ArthurBridgeSceneController AvatarTableFactoryMethodDefined BoundedShapeAnnouncesPropertyChangeEvent BoundedShapeInstantiatesPropertyChangeEvent BridgeSceneAvatarApproachCalled BridgeSceneCallsAvatarTableFactoryMethod BridgeSceneStringApproachMethodDefined ConsoleSceneViewGetsBridgeScene ConsoleSceneViewISAPropertyChangeListener ConsoleSceneViewPrintsPropertyChangeEvent DelegatingViewFactoryMethodDefined ExistingPaintListener GalahadBridgeSceneController LancelotBridgeSceneController LocatableAnnouncesPropertyChangeEvent LocatableInstantiatesPropertyChangeEvent Locatable_IS_A_PropertyListenerRegisterer NewPaintListener ObservablePainterFactoryMethodDefined PaintListenerISAPropertyChangeListener PaintListenerPaintDefined PaintListenerRepaints RobinBridgeSceneController SceneControllerAccessesArthur SceneControllerAccessesGalahad SceneControllerAccessesLancelot SceneControllerAccessesRobin SceneControllerFactoryMethodDefined SceneControllerISAKeyListener SceneControllerISAMouseListener SceneControllerRegistersAsKeyListener SceneControllerRegistersAsMouseListener TableIsGeneric TableSemantics TaggedBridgeSceneController TaggedConsoleSceneView TaggedDelegatingView TaggedLocatable TaggedObservablePainter TaggedTable , ,ConsoleSceneViewRegistersWithLocatables LocatablePropertyChangeListenersProperty ,A3CommonPropertiesAreInherited A3CommonSignaturesAreInherited A3Encapsulation A3InterfaceAsType A3MainCallsInheritingPainterFactoryMethod A3MnemonicNames A3NamedConstants A3NamingConventions A3NoHiddenFields A3NoStarImports A3NonPublicAccessModifiersMatched A3PackageDeclarations A3PublicMethodsOverride A3SimplifyBooleanExpressions A3SimplifyBooleanReturns AvatarTableSemantics InheritingPainterDraws InheritingPainterFactoryMethodDefined InheritingPainterPaintDefined InheritingPainterRegistersWithLocatables InheritingPainterRepaints InheritingViewISAPropertyChangeListener TaggedInheritingPainter ,
23,Thu Jun 10 19:38:43 EDT 2021,62,0,A3ConsoleSceneView,A3MainCallsDelegatingViewFactoryMethod A3MainCallsObservablePainterFactoryMethod ArthurBridgeSceneController AvatarTableFactoryMethodDefined BoundedShapeAnnouncesPropertyChangeEvent BoundedShapeInstantiatesPropertyChangeEvent BridgeSceneAvatarApproachCalled BridgeSceneCallsAvatarTableFactoryMethod BridgeSceneStringApproachMethodDefined ConsoleSceneViewGetsBridgeScene ConsoleSceneViewISAPropertyChangeListener ConsoleSceneViewPrintsPropertyChangeEvent DelegatingViewFactoryMethodDefined ExistingPaintListener GalahadBridgeSceneController LancelotBridgeSceneController LocatableAnnouncesPropertyChangeEvent LocatableInstantiatesPropertyChangeEvent Locatable_IS_A_PropertyListenerRegisterer NewPaintListener ObservablePainterFactoryMethodDefined PaintListenerISAPropertyChangeListener PaintListenerPaintDefined PaintListenerRepaints RobinBridgeSceneController SceneControllerAccessesArthur SceneControllerAccessesGalahad SceneControllerAccessesLancelot SceneControllerAccessesRobin SceneControllerFactoryMethodDefined SceneControllerISAKeyListener SceneControllerISAMouseListener SceneControllerRegistersAsKeyListener SceneControllerRegistersAsMouseListener TableIsGeneric TableSemantics TaggedBridgeSceneController TaggedConsoleSceneView TaggedDelegatingView TaggedLocatable TaggedObservablePainter TaggedTable , ,ConsoleSceneViewRegistersWithLocatables LocatablePropertyChangeListenersProperty ,A3CommonPropertiesAreInherited A3CommonSignaturesAreInherited A3Encapsulation A3InterfaceAsType A3MainCallsInheritingPainterFactoryMethod A3MnemonicNames A3NamedConstants A3NamingConventions A3NoHiddenFields A3NoStarImports A3NonPublicAccessModifiersMatched A3PackageDeclarations A3PublicMethodsOverride A3SimplifyBooleanExpressions A3SimplifyBooleanReturns AvatarTableSemantics InheritingPainterDraws InheritingPainterFactoryMethodDefined InheritingPainterPaintDefined InheritingPainterRegistersWithLocatables InheritingPainterRepaints InheritingViewISAPropertyChangeListener TaggedInheritingPainter ,
24,Thu Jun 10 19:38:53 EDT 2021,64,2,Table,A3MainCallsDelegatingViewFactoryMethod A3MainCallsObservablePainterFactoryMethod ArthurBridgeSceneController AvatarTableFactoryMethodDefined AvatarTableSemantics+ BoundedShapeAnnouncesPropertyChangeEvent BoundedShapeInstantiatesPropertyChangeEvent BridgeSceneAvatarApproachCalled BridgeSceneCallsAvatarTableFactoryMethod BridgeSceneStringApproachMethodDefined ConsoleSceneViewGetsBridgeScene ConsoleSceneViewISAPropertyChangeListener ConsoleSceneViewPrintsPropertyChangeEvent DelegatingViewFactoryMethodDefined ExistingPaintListener GalahadBridgeSceneController LancelotBridgeSceneController LocatableAnnouncesPropertyChangeEvent LocatableInstantiatesPropertyChangeEvent Locatable_IS_A_PropertyListenerRegisterer NewPaintListener ObservablePainterFactoryMethodDefined PaintListenerISAPropertyChangeListener PaintListenerPaintDefined PaintListenerRepaints RobinBridgeSceneController SceneControllerAccessesArthur SceneControllerAccessesGalahad SceneControllerAccessesLancelot SceneControllerAccessesRobin SceneControllerFactoryMethodDefined SceneControllerISAKeyListener SceneControllerISAMouseListener SceneControllerRegistersAsKeyListener SceneControllerRegistersAsMouseListener TableIsGeneric TableSemantics TaggedBridgeSceneController TaggedConsoleSceneView TaggedDelegatingView TaggedLocatable TaggedObservablePainter TaggedTable , ,ConsoleSceneViewRegistersWithLocatables LocatablePropertyChangeListenersProperty ,A3CommonPropertiesAreInherited A3CommonSignaturesAreInherited A3Encapsulation A3InterfaceAsType A3MainCallsInheritingPainterFactoryMethod A3MnemonicNames A3NamedConstants A3NamingConventions A3NoHiddenFields A3NoStarImports A3NonPublicAccessModifiersMatched A3PackageDeclarations A3PublicMethodsOverride A3SimplifyBooleanExpressions A3SimplifyBooleanReturns InheritingPainterDraws InheritingPainterFactoryMethodDefined InheritingPainterPaintDefined InheritingPainterRegistersWithLocatables InheritingPainterRepaints InheritingViewISAPropertyChangeListener TaggedInheritingPainter ,
25,Thu Jun 10 19:39:09 EDT 2021,64,0,A3Observables,A3MainCallsDelegatingViewFactoryMethod A3MainCallsObservablePainterFactoryMethod ArthurBridgeSceneController AvatarTableFactoryMethodDefined AvatarTableSemantics BoundedShapeAnnouncesPropertyChangeEvent BoundedShapeInstantiatesPropertyChangeEvent BridgeSceneAvatarApproachCalled BridgeSceneCallsAvatarTableFactoryMethod BridgeSceneStringApproachMethodDefined ConsoleSceneViewGetsBridgeScene ConsoleSceneViewISAPropertyChangeListener ConsoleSceneViewPrintsPropertyChangeEvent DelegatingViewFactoryMethodDefined ExistingPaintListener GalahadBridgeSceneController LancelotBridgeSceneController LocatableAnnouncesPropertyChangeEvent LocatableInstantiatesPropertyChangeEvent Locatable_IS_A_PropertyListenerRegisterer NewPaintListener ObservablePainterFactoryMethodDefined PaintListenerISAPropertyChangeListener PaintListenerPaintDefined PaintListenerRepaints RobinBridgeSceneController SceneControllerAccessesArthur SceneControllerAccessesGalahad SceneControllerAccessesLancelot SceneControllerAccessesRobin SceneControllerFactoryMethodDefined SceneControllerISAKeyListener SceneControllerISAMouseListener SceneControllerRegistersAsKeyListener SceneControllerRegistersAsMouseListener TableIsGeneric TableSemantics TaggedBridgeSceneController TaggedConsoleSceneView TaggedDelegatingView TaggedLocatable TaggedObservablePainter TaggedTable , ,ConsoleSceneViewRegistersWithLocatables LocatablePropertyChangeListenersProperty ,A3CommonPropertiesAreInherited A3CommonSignaturesAreInherited A3Encapsulation A3InterfaceAsType A3MainCallsInheritingPainterFactoryMethod A3MnemonicNames A3NamedConstants A3NamingConventions A3NoHiddenFields A3NoStarImports A3NonPublicAccessModifiersMatched A3PackageDeclarations A3PublicMethodsOverride A3SimplifyBooleanExpressions A3SimplifyBooleanReturns InheritingPainterDraws InheritingPainterFactoryMethodDefined InheritingPainterPaintDefined InheritingPainterRegistersWithLocatables InheritingPainterRepaints InheritingViewISAPropertyChangeListener TaggedInheritingPainter ,
26,Thu Jun 10 19:39:17 EDT 2021,71,7,A3Style,A3MainCallsDelegatingViewFactoryMethod A3MainCallsObservablePainterFactoryMethod A3NamingConventions+ A3NoStarImports+ A3PackageDeclarations+ A3SimplifyBooleanExpressions+ A3SimplifyBooleanReturns+ ArthurBridgeSceneController AvatarTableFactoryMethodDefined AvatarTableSemantics BoundedShapeAnnouncesPropertyChangeEvent BoundedShapeInstantiatesPropertyChangeEvent BridgeSceneAvatarApproachCalled BridgeSceneCallsAvatarTableFactoryMethod BridgeSceneStringApproachMethodDefined ConsoleSceneViewGetsBridgeScene ConsoleSceneViewISAPropertyChangeListener ConsoleSceneViewPrintsPropertyChangeEvent DelegatingViewFactoryMethodDefined ExistingPaintListener GalahadBridgeSceneController LancelotBridgeSceneController LocatableAnnouncesPropertyChangeEvent LocatableInstantiatesPropertyChangeEvent Locatable_IS_A_PropertyListenerRegisterer NewPaintListener ObservablePainterFactoryMethodDefined PaintListenerISAPropertyChangeListener PaintListenerPaintDefined PaintListenerRepaints RobinBridgeSceneController SceneControllerAccessesArthur SceneControllerAccessesGalahad SceneControllerAccessesLancelot SceneControllerAccessesRobin SceneControllerFactoryMethodDefined SceneControllerISAKeyListener SceneControllerISAMouseListener SceneControllerRegistersAsKeyListener SceneControllerRegistersAsMouseListener TableIsGeneric TableSemantics TaggedBridgeSceneController TaggedConsoleSceneView TaggedDelegatingView TaggedLocatable TaggedObservablePainter TaggedTable ,A3CommonPropertiesAreInherited+ A3CommonSignaturesAreInherited+ A3InterfaceAsType+ A3MnemonicNames+ A3NamedConstants+ A3NonPublicAccessModifiersMatched+ A3PublicMethodsOverride+ ,A3Encapsulation+ A3NoHiddenFields+ ConsoleSceneViewRegistersWithLocatables LocatablePropertyChangeListenersProperty ,A3MainCallsInheritingPainterFactoryMethod InheritingPainterDraws InheritingPainterFactoryMethodDefined InheritingPainterPaintDefined InheritingPainterRegistersWithLocatables InheritingPainterRepaints InheritingViewISAPropertyChangeListener TaggedInheritingPainter ,
27,Thu Jun 10 19:43:36 EDT 2021,71,0,DelegatingPainter,A3MainCallsDelegatingViewFactoryMethod A3MainCallsObservablePainterFactoryMethod A3NamingConventions A3NoStarImports A3PackageDeclarations A3SimplifyBooleanExpressions A3SimplifyBooleanReturns ArthurBridgeSceneController AvatarTableFactoryMethodDefined AvatarTableSemantics BoundedShapeAnnouncesPropertyChangeEvent BoundedShapeInstantiatesPropertyChangeEvent BridgeSceneAvatarApproachCalled BridgeSceneCallsAvatarTableFactoryMethod BridgeSceneStringApproachMethodDefined ConsoleSceneViewGetsBridgeScene ConsoleSceneViewISAPropertyChangeListener ConsoleSceneViewPrintsPropertyChangeEvent DelegatingViewFactoryMethodDefined ExistingPaintListener GalahadBridgeSceneController LancelotBridgeSceneController LocatableAnnouncesPropertyChangeEvent LocatableInstantiatesPropertyChangeEvent Locatable_IS_A_PropertyListenerRegisterer NewPaintListener ObservablePainterFactoryMethodDefined PaintListenerISAPropertyChangeListener PaintListenerPaintDefined PaintListenerRepaints RobinBridgeSceneController SceneControllerAccessesArthur SceneControllerAccessesGalahad SceneControllerAccessesLancelot SceneControllerAccessesRobin SceneControllerFactoryMethodDefined SceneControllerISAKeyListener SceneControllerISAMouseListener SceneControllerRegistersAsKeyListener SceneControllerRegistersAsMouseListener TableIsGeneric TableSemantics TaggedBridgeSceneController TaggedConsoleSceneView TaggedDelegatingView TaggedLocatable TaggedObservablePainter TaggedTable ,A3CommonPropertiesAreInherited A3CommonSignaturesAreInherited A3InterfaceAsType A3MnemonicNames A3NamedConstants A3NonPublicAccessModifiersMatched A3PublicMethodsOverride ,A3Encapsulation A3NoHiddenFields ConsoleSceneViewRegistersWithLocatables LocatablePropertyChangeListenersProperty ,A3MainCallsInheritingPainterFactoryMethod InheritingPainterDraws InheritingPainterFactoryMethodDefined InheritingPainterPaintDefined InheritingPainterRegistersWithLocatables InheritingPainterRepaints InheritingViewISAPropertyChangeListener TaggedInheritingPainter ,
28,Thu Jun 10 19:43:44 EDT 2021,71,0,A3Observables,A3MainCallsDelegatingViewFactoryMethod A3MainCallsObservablePainterFactoryMethod A3NamingConventions A3NoStarImports A3PackageDeclarations A3SimplifyBooleanExpressions A3SimplifyBooleanReturns ArthurBridgeSceneController AvatarTableFactoryMethodDefined AvatarTableSemantics BoundedShapeAnnouncesPropertyChangeEvent BoundedShapeInstantiatesPropertyChangeEvent BridgeSceneAvatarApproachCalled BridgeSceneCallsAvatarTableFactoryMethod BridgeSceneStringApproachMethodDefined ConsoleSceneViewGetsBridgeScene ConsoleSceneViewISAPropertyChangeListener ConsoleSceneViewPrintsPropertyChangeEvent DelegatingViewFactoryMethodDefined ExistingPaintListener GalahadBridgeSceneController LancelotBridgeSceneController LocatableAnnouncesPropertyChangeEvent LocatableInstantiatesPropertyChangeEvent Locatable_IS_A_PropertyListenerRegisterer NewPaintListener ObservablePainterFactoryMethodDefined PaintListenerISAPropertyChangeListener PaintListenerPaintDefined PaintListenerRepaints RobinBridgeSceneController SceneControllerAccessesArthur SceneControllerAccessesGalahad SceneControllerAccessesLancelot SceneControllerAccessesRobin SceneControllerFactoryMethodDefined SceneControllerISAKeyListener SceneControllerISAMouseListener SceneControllerRegistersAsKeyListener SceneControllerRegistersAsMouseListener TableIsGeneric TableSemantics TaggedBridgeSceneController TaggedConsoleSceneView TaggedDelegatingView TaggedLocatable TaggedObservablePainter TaggedTable ,A3CommonPropertiesAreInherited A3CommonSignaturesAreInherited A3InterfaceAsType A3MnemonicNames A3NamedConstants A3NonPublicAccessModifiersMatched A3PublicMethodsOverride ,A3Encapsulation A3NoHiddenFields ConsoleSceneViewRegistersWithLocatables LocatablePropertyChangeListenersProperty ,A3MainCallsInheritingPainterFactoryMethod InheritingPainterDraws InheritingPainterFactoryMethodDefined InheritingPainterPaintDefined InheritingPainterRegistersWithLocatables InheritingPainterRepaints InheritingViewISAPropertyChangeListener TaggedInheritingPainter ,
29,Thu Jun 10 19:43:52 EDT 2021,71,0,A3Style,A3MainCallsDelegatingViewFactoryMethod A3MainCallsObservablePainterFactoryMethod A3NamingConventions A3NoStarImports A3PackageDeclarations A3SimplifyBooleanExpressions A3SimplifyBooleanReturns ArthurBridgeSceneController AvatarTableFactoryMethodDefined AvatarTableSemantics BoundedShapeAnnouncesPropertyChangeEvent BoundedShapeInstantiatesPropertyChangeEvent BridgeSceneAvatarApproachCalled BridgeSceneCallsAvatarTableFactoryMethod BridgeSceneStringApproachMethodDefined ConsoleSceneViewGetsBridgeScene ConsoleSceneViewISAPropertyChangeListener ConsoleSceneViewPrintsPropertyChangeEvent DelegatingViewFactoryMethodDefined ExistingPaintListener GalahadBridgeSceneController LancelotBridgeSceneController LocatableAnnouncesPropertyChangeEvent LocatableInstantiatesPropertyChangeEvent Locatable_IS_A_PropertyListenerRegisterer NewPaintListener ObservablePainterFactoryMethodDefined PaintListenerISAPropertyChangeListener PaintListenerPaintDefined PaintListenerRepaints RobinBridgeSceneController SceneControllerAccessesArthur SceneControllerAccessesGalahad SceneControllerAccessesLancelot SceneControllerAccessesRobin SceneControllerFactoryMethodDefined SceneControllerISAKeyListener SceneControllerISAMouseListener SceneControllerRegistersAsKeyListener SceneControllerRegistersAsMouseListener TableIsGeneric TableSemantics TaggedBridgeSceneController TaggedConsoleSceneView TaggedDelegatingView TaggedLocatable TaggedObservablePainter TaggedTable ,A3CommonPropertiesAreInherited A3CommonSignaturesAreInherited A3InterfaceAsType A3MnemonicNames A3NamedConstants A3NonPublicAccessModifiersMatched A3PublicMethodsOverride ,A3Encapsulation A3NoHiddenFields ConsoleSceneViewRegistersWithLocatables LocatablePropertyChangeListenersProperty ,A3MainCallsInheritingPainterFactoryMethod InheritingPainterDraws InheritingPainterFactoryMethodDefined InheritingPainterPaintDefined InheritingPainterRegistersWithLocatables InheritingPainterRepaints InheritingViewISAPropertyChangeListener TaggedInheritingPainter ,
30,Thu Jun 10 19:44:04 EDT 2021,71,0,A3ConsoleSceneView,A3MainCallsDelegatingViewFactoryMethod A3MainCallsObservablePainterFactoryMethod A3NamingConventions A3NoStarImports A3PackageDeclarations A3SimplifyBooleanExpressions A3SimplifyBooleanReturns ArthurBridgeSceneController AvatarTableFactoryMethodDefined AvatarTableSemantics BoundedShapeAnnouncesPropertyChangeEvent BoundedShapeInstantiatesPropertyChangeEvent BridgeSceneAvatarApproachCalled BridgeSceneCallsAvatarTableFactoryMethod BridgeSceneStringApproachMethodDefined ConsoleSceneViewGetsBridgeScene ConsoleSceneViewISAPropertyChangeListener ConsoleSceneViewPrintsPropertyChangeEvent DelegatingViewFactoryMethodDefined ExistingPaintListener GalahadBridgeSceneController LancelotBridgeSceneController LocatableAnnouncesPropertyChangeEvent LocatableInstantiatesPropertyChangeEvent Locatable_IS_A_PropertyListenerRegisterer NewPaintListener ObservablePainterFactoryMethodDefined PaintListenerISAPropertyChangeListener PaintListenerPaintDefined PaintListenerRepaints RobinBridgeSceneController SceneControllerAccessesArthur SceneControllerAccessesGalahad SceneControllerAccessesLancelot SceneControllerAccessesRobin SceneControllerFactoryMethodDefined SceneControllerISAKeyListener SceneControllerISAMouseListener SceneControllerRegistersAsKeyListener SceneControllerRegistersAsMouseListener TableIsGeneric TableSemantics TaggedBridgeSceneController TaggedConsoleSceneView TaggedDelegatingView TaggedLocatable TaggedObservablePainter TaggedTable ,A3CommonPropertiesAreInherited A3CommonSignaturesAreInherited A3InterfaceAsType A3MnemonicNames A3NamedConstants A3NonPublicAccessModifiersMatched A3PublicMethodsOverride ,A3Encapsulation A3NoHiddenFields ConsoleSceneViewRegistersWithLocatables LocatablePropertyChangeListenersProperty ,A3MainCallsInheritingPainterFactoryMethod InheritingPainterDraws InheritingPainterFactoryMethodDefined InheritingPainterPaintDefined InheritingPainterRegistersWithLocatables InheritingPainterRepaints InheritingViewISAPropertyChangeListener TaggedInheritingPainter ,
31,Thu Jun 10 19:44:17 EDT 2021,71,0,BridgeSceneController,A3MainCallsDelegatingViewFactoryMethod A3MainCallsObservablePainterFactoryMethod A3NamingConventions A3NoStarImports A3PackageDeclarations A3SimplifyBooleanExpressions A3SimplifyBooleanReturns ArthurBridgeSceneController AvatarTableFactoryMethodDefined AvatarTableSemantics BoundedShapeAnnouncesPropertyChangeEvent BoundedShapeInstantiatesPropertyChangeEvent BridgeSceneAvatarApproachCalled BridgeSceneCallsAvatarTableFactoryMethod BridgeSceneStringApproachMethodDefined ConsoleSceneViewGetsBridgeScene ConsoleSceneViewISAPropertyChangeListener ConsoleSceneViewPrintsPropertyChangeEvent DelegatingViewFactoryMethodDefined ExistingPaintListener GalahadBridgeSceneController LancelotBridgeSceneController LocatableAnnouncesPropertyChangeEvent LocatableInstantiatesPropertyChangeEvent Locatable_IS_A_PropertyListenerRegisterer NewPaintListener ObservablePainterFactoryMethodDefined PaintListenerISAPropertyChangeListener PaintListenerPaintDefined PaintListenerRepaints RobinBridgeSceneController SceneControllerAccessesArthur SceneControllerAccessesGalahad SceneControllerAccessesLancelot SceneControllerAccessesRobin SceneControllerFactoryMethodDefined SceneControllerISAKeyListener SceneControllerISAMouseListener SceneControllerRegistersAsKeyListener SceneControllerRegistersAsMouseListener TableIsGeneric TableSemantics TaggedBridgeSceneController TaggedConsoleSceneView TaggedDelegatingView TaggedLocatable TaggedObservablePainter TaggedTable ,A3CommonPropertiesAreInherited A3CommonSignaturesAreInherited A3InterfaceAsType A3MnemonicNames A3NamedConstants A3NonPublicAccessModifiersMatched A3PublicMethodsOverride ,A3Encapsulation A3NoHiddenFields ConsoleSceneViewRegistersWithLocatables LocatablePropertyChangeListenersProperty ,A3MainCallsInheritingPainterFactoryMethod InheritingPainterDraws InheritingPainterFactoryMethodDefined InheritingPainterPaintDefined InheritingPainterRegistersWithLocatables InheritingPainterRepaints InheritingViewISAPropertyChangeListener TaggedInheritingPainter ,
32,Thu Jun 10 19:44:34 EDT 2021,71,0,Table,A3MainCallsDelegatingViewFactoryMethod A3MainCallsObservablePainterFactoryMethod A3NamingConventions A3NoStarImports A3PackageDeclarations A3SimplifyBooleanExpressions A3SimplifyBooleanReturns ArthurBridgeSceneController AvatarTableFactoryMethodDefined AvatarTableSemantics BoundedShapeAnnouncesPropertyChangeEvent BoundedShapeInstantiatesPropertyChangeEvent BridgeSceneAvatarApproachCalled BridgeSceneCallsAvatarTableFactoryMethod BridgeSceneStringApproachMethodDefined ConsoleSceneViewGetsBridgeScene ConsoleSceneViewISAPropertyChangeListener ConsoleSceneViewPrintsPropertyChangeEvent DelegatingViewFactoryMethodDefined ExistingPaintListener GalahadBridgeSceneController LancelotBridgeSceneController LocatableAnnouncesPropertyChangeEvent LocatableInstantiatesPropertyChangeEvent Locatable_IS_A_PropertyListenerRegisterer NewPaintListener ObservablePainterFactoryMethodDefined PaintListenerISAPropertyChangeListener PaintListenerPaintDefined PaintListenerRepaints RobinBridgeSceneController SceneControllerAccessesArthur SceneControllerAccessesGalahad SceneControllerAccessesLancelot SceneControllerAccessesRobin SceneControllerFactoryMethodDefined SceneControllerISAKeyListener SceneControllerISAMouseListener SceneControllerRegistersAsKeyListener SceneControllerRegistersAsMouseListener TableIsGeneric TableSemantics TaggedBridgeSceneController TaggedConsoleSceneView TaggedDelegatingView TaggedLocatable TaggedObservablePainter TaggedTable ,A3CommonPropertiesAreInherited A3CommonSignaturesAreInherited A3InterfaceAsType A3MnemonicNames A3NamedConstants A3NonPublicAccessModifiersMatched A3PublicMethodsOverride ,A3Encapsulation A3NoHiddenFields ConsoleSceneViewRegistersWithLocatables LocatablePropertyChangeListenersProperty ,A3MainCallsInheritingPainterFactoryMethod InheritingPainterDraws InheritingPainterFactoryMethodDefined InheritingPainterPaintDefined InheritingPainterRegistersWithLocatables InheritingPainterRepaints InheritingViewISAPropertyChangeListener TaggedInheritingPainter ,
33,Fri Jun 11 22:01:12 EDT 2021,60,-1,A3ConsoleSceneView,A3MainCallsDelegatingViewFactoryMethod A3MainCallsObservablePainterFactoryMethod A3NamingConventions A3NoStarImports A3PackageDeclarations A3SimplifyBooleanExpressions A3SimplifyBooleanReturns ArthurBridgeSceneController AvatarTableFactoryMethodDefined AvatarTableSemantics BoundedShapeAnnouncesPropertyChangeEvent BoundedShapeInstantiatesPropertyChangeEvent BridgeSceneAvatarApproachCalled BridgeSceneCallsAvatarTableFactoryMethod BridgeSceneStringApproachMethodDefined ConsoleSceneViewGetsBridgeScene ConsoleSceneViewISAPropertyChangeListener ConsoleSceneViewPrintsPropertyChangeEvent DelegatingViewFactoryMethodDefined ExistingPaintListener GalahadBridgeSceneController LancelotBridgeSceneController LocatableAnnouncesPropertyChangeEvent LocatableInstantiatesPropertyChangeEvent Locatable_IS_A_PropertyListenerRegisterer ObservablePainterFactoryMethodDefined PaintListenerISAPropertyChangeListener PaintListenerPaintDefined PaintListenerRepaints RobinBridgeSceneController SceneControllerAccessesArthur SceneControllerAccessesGalahad SceneControllerAccessesLancelot SceneControllerAccessesRobin SceneControllerFactoryMethodDefined SceneControllerISAKeyListener SceneControllerISAMouseListener SceneControllerRegistersAsKeyListener SceneControllerRegistersAsMouseListener TableIsGeneric TableSemantics TaggedBridgeSceneController TaggedConsoleSceneView TaggedDelegatingView TaggedLocatable TaggedObservablePainter TaggedTable ,A3CommonPropertiesAreInherited A3CommonSignaturesAreInherited A3InterfaceAsType A3MnemonicNames A3NamedConstants A3NonPublicAccessModifiersMatched A3PublicMethodsOverride NewPaintListener- ,A3Encapsulation A3NoHiddenFields ConsoleSceneViewRegistersWithLocatables LocatablePropertyChangeListenersProperty ,A3MainCallsGet A3MainCallsInheritingPainterFactoryMethod A3MainCallsPut A3MainCallsSetVisible DelegatingViewSingletonFromFactory InheritingPainterDraws InheritingPainterFactoryMethodDefined InheritingPainterIsFocusable InheritingPainterPaintDefined InheritingPainterRegistersWithLocatables InheritingPainterRepaints InheritingPainterSingletonFromFactory InheritingViewISAPropertyChangeListener NoIllegalGetOrPut ObservablePainterIsFocusable ObservablePainterPaintListenersProperty ObservablePainterSingletonFromFactory SceneControllerSingletonFromFactory TaggedInheritingPainter ,
34,Fri Jun 11 22:01:31 EDT 2021,61,1,BridgeSceneController,A3MainCallsDelegatingViewFactoryMethod A3MainCallsObservablePainterFactoryMethod A3NamingConventions A3NoStarImports A3PackageDeclarations A3SimplifyBooleanExpressions A3SimplifyBooleanReturns ArthurBridgeSceneController AvatarTableFactoryMethodDefined AvatarTableSemantics BoundedShapeAnnouncesPropertyChangeEvent BoundedShapeInstantiatesPropertyChangeEvent BridgeSceneAvatarApproachCalled BridgeSceneCallsAvatarTableFactoryMethod BridgeSceneStringApproachMethodDefined ConsoleSceneViewGetsBridgeScene ConsoleSceneViewISAPropertyChangeListener ConsoleSceneViewPrintsPropertyChangeEvent DelegatingViewFactoryMethodDefined ExistingPaintListener GalahadBridgeSceneController LancelotBridgeSceneController LocatableAnnouncesPropertyChangeEvent LocatableInstantiatesPropertyChangeEvent Locatable_IS_A_PropertyListenerRegisterer ObservablePainterFactoryMethodDefined PaintListenerISAPropertyChangeListener PaintListenerPaintDefined PaintListenerRepaints RobinBridgeSceneController SceneControllerAccessesArthur SceneControllerAccessesGalahad SceneControllerAccessesLancelot SceneControllerAccessesRobin SceneControllerFactoryMethodDefined SceneControllerISAKeyListener SceneControllerISAMouseListener SceneControllerRegistersAsKeyListener SceneControllerRegistersAsMouseListener SceneControllerSingletonFromFactory+ TableIsGeneric TableSemantics TaggedBridgeSceneController TaggedConsoleSceneView TaggedDelegatingView TaggedLocatable TaggedObservablePainter TaggedTable ,A3CommonPropertiesAreInherited A3CommonSignaturesAreInherited A3InterfaceAsType A3MnemonicNames A3NamedConstants A3NonPublicAccessModifiersMatched A3PublicMethodsOverride NewPaintListener ,A3Encapsulation A3NoHiddenFields ConsoleSceneViewRegistersWithLocatables LocatablePropertyChangeListenersProperty ,A3MainCallsGet A3MainCallsInheritingPainterFactoryMethod A3MainCallsPut A3MainCallsSetVisible DelegatingViewSingletonFromFactory InheritingPainterDraws InheritingPainterFactoryMethodDefined InheritingPainterIsFocusable InheritingPainterPaintDefined InheritingPainterRegistersWithLocatables InheritingPainterRepaints InheritingPainterSingletonFromFactory InheritingViewISAPropertyChangeListener NoIllegalGetOrPut ObservablePainterIsFocusable ObservablePainterPaintListenersProperty ObservablePainterSingletonFromFactory TaggedInheritingPainter ,
35,Fri Jun 11 22:01:45 EDT 2021,65,4,Table,A3MainCallsDelegatingViewFactoryMethod A3MainCallsGet+ A3MainCallsObservablePainterFactoryMethod A3MainCallsPut+ A3NamingConventions A3NoStarImports A3PackageDeclarations A3SimplifyBooleanExpressions A3SimplifyBooleanReturns ArthurBridgeSceneController AvatarTableFactoryMethodDefined AvatarTableSemantics BoundedShapeAnnouncesPropertyChangeEvent BoundedShapeInstantiatesPropertyChangeEvent BridgeSceneAvatarApproachCalled BridgeSceneCallsAvatarTableFactoryMethod BridgeSceneStringApproachMethodDefined ConsoleSceneViewGetsBridgeScene ConsoleSceneViewISAPropertyChangeListener ConsoleSceneViewPrintsPropertyChangeEvent DelegatingViewFactoryMethodDefined ExistingPaintListener GalahadBridgeSceneController LancelotBridgeSceneController LocatableAnnouncesPropertyChangeEvent LocatableInstantiatesPropertyChangeEvent Locatable_IS_A_PropertyListenerRegisterer NoIllegalGetOrPut+ ObservablePainterFactoryMethodDefined PaintListenerISAPropertyChangeListener PaintListenerPaintDefined PaintListenerRepaints RobinBridgeSceneController SceneControllerAccessesArthur SceneControllerAccessesGalahad SceneControllerAccessesLancelot SceneControllerAccessesRobin SceneControllerFactoryMethodDefined SceneControllerISAKeyListener SceneControllerISAMouseListener SceneControllerRegistersAsKeyListener SceneControllerRegistersAsMouseListener SceneControllerSingletonFromFactory TableIsGeneric TableSemantics TaggedBridgeSceneController TaggedConsoleSceneView TaggedDelegatingView TaggedLocatable TaggedObservablePainter TaggedTable ,A3CommonPropertiesAreInherited A3CommonSignaturesAreInherited A3InterfaceAsType A3MnemonicNames A3NamedConstants A3NonPublicAccessModifiersMatched A3PublicMethodsOverride NewPaintListener ,A3Encapsulation A3NoHiddenFields ConsoleSceneViewRegistersWithLocatables LocatablePropertyChangeListenersProperty ,A3MainCallsInheritingPainterFactoryMethod A3MainCallsSetVisible DelegatingViewSingletonFromFactory InheritingPainterDraws InheritingPainterFactoryMethodDefined InheritingPainterIsFocusable InheritingPainterPaintDefined InheritingPainterRegistersWithLocatables InheritingPainterRepaints InheritingPainterSingletonFromFactory InheritingViewISAPropertyChangeListener ObservablePainterIsFocusable ObservablePainterPaintListenersProperty ObservablePainterSingletonFromFactory TaggedInheritingPainter ,
36,Fri Jun 11 22:01:57 EDT 2021,65,0,A3MainCallsSetVisible,A3MainCallsDelegatingViewFactoryMethod A3MainCallsGet A3MainCallsObservablePainterFactoryMethod A3MainCallsPut A3NamingConventions A3NoStarImports A3PackageDeclarations A3SimplifyBooleanExpressions A3SimplifyBooleanReturns ArthurBridgeSceneController AvatarTableFactoryMethodDefined AvatarTableSemantics BoundedShapeAnnouncesPropertyChangeEvent BoundedShapeInstantiatesPropertyChangeEvent BridgeSceneAvatarApproachCalled BridgeSceneCallsAvatarTableFactoryMethod BridgeSceneStringApproachMethodDefined ConsoleSceneViewGetsBridgeScene ConsoleSceneViewISAPropertyChangeListener ConsoleSceneViewPrintsPropertyChangeEvent DelegatingViewFactoryMethodDefined ExistingPaintListener GalahadBridgeSceneController LancelotBridgeSceneController LocatableAnnouncesPropertyChangeEvent LocatableInstantiatesPropertyChangeEvent Locatable_IS_A_PropertyListenerRegisterer NoIllegalGetOrPut ObservablePainterFactoryMethodDefined PaintListenerISAPropertyChangeListener PaintListenerPaintDefined PaintListenerRepaints RobinBridgeSceneController SceneControllerAccessesArthur SceneControllerAccessesGalahad SceneControllerAccessesLancelot SceneControllerAccessesRobin SceneControllerFactoryMethodDefined SceneControllerISAKeyListener SceneControllerISAMouseListener SceneControllerRegistersAsKeyListener SceneControllerRegistersAsMouseListener SceneControllerSingletonFromFactory TableIsGeneric TableSemantics TaggedBridgeSceneController TaggedConsoleSceneView TaggedDelegatingView TaggedLocatable TaggedObservablePainter TaggedTable ,A3CommonPropertiesAreInherited A3CommonSignaturesAreInherited A3InterfaceAsType A3MnemonicNames A3NamedConstants A3NonPublicAccessModifiersMatched A3PublicMethodsOverride NewPaintListener ,A3Encapsulation A3MainCallsSetVisible+ A3NoHiddenFields ConsoleSceneViewRegistersWithLocatables LocatablePropertyChangeListenersProperty ,A3MainCallsInheritingPainterFactoryMethod DelegatingViewSingletonFromFactory InheritingPainterDraws InheritingPainterFactoryMethodDefined InheritingPainterIsFocusable InheritingPainterPaintDefined InheritingPainterRegistersWithLocatables InheritingPainterRepaints InheritingPainterSingletonFromFactory InheritingViewISAPropertyChangeListener ObservablePainterIsFocusable ObservablePainterPaintListenersProperty ObservablePainterSingletonFromFactory TaggedInheritingPainter ,
37,Fri Jun 11 22:05:28 EDT 2021,65,0,A3Observables,A3MainCallsDelegatingViewFactoryMethod A3MainCallsGet A3MainCallsObservablePainterFactoryMethod A3MainCallsPut A3NamingConventions A3NoStarImports A3PackageDeclarations A3SimplifyBooleanExpressions A3SimplifyBooleanReturns ArthurBridgeSceneController AvatarTableFactoryMethodDefined AvatarTableSemantics BoundedShapeAnnouncesPropertyChangeEvent BoundedShapeInstantiatesPropertyChangeEvent BridgeSceneAvatarApproachCalled BridgeSceneCallsAvatarTableFactoryMethod BridgeSceneStringApproachMethodDefined ConsoleSceneViewGetsBridgeScene ConsoleSceneViewISAPropertyChangeListener ConsoleSceneViewPrintsPropertyChangeEvent DelegatingViewFactoryMethodDefined ExistingPaintListener GalahadBridgeSceneController LancelotBridgeSceneController LocatableAnnouncesPropertyChangeEvent LocatableInstantiatesPropertyChangeEvent Locatable_IS_A_PropertyListenerRegisterer NoIllegalGetOrPut ObservablePainterFactoryMethodDefined PaintListenerISAPropertyChangeListener PaintListenerPaintDefined PaintListenerRepaints RobinBridgeSceneController SceneControllerAccessesArthur SceneControllerAccessesGalahad SceneControllerAccessesLancelot SceneControllerAccessesRobin SceneControllerFactoryMethodDefined SceneControllerISAKeyListener SceneControllerISAMouseListener SceneControllerRegistersAsKeyListener SceneControllerRegistersAsMouseListener SceneControllerSingletonFromFactory TableIsGeneric TableSemantics TaggedBridgeSceneController TaggedConsoleSceneView TaggedDelegatingView TaggedLocatable TaggedObservablePainter TaggedTable ,A3CommonPropertiesAreInherited A3CommonSignaturesAreInherited A3InterfaceAsType A3MnemonicNames A3NamedConstants A3NonPublicAccessModifiersMatched A3PublicMethodsOverride NewPaintListener ,A3Encapsulation A3MainCallsSetVisible A3NoHiddenFields ConsoleSceneViewRegistersWithLocatables LocatablePropertyChangeListenersProperty ,A3MainCallsInheritingPainterFactoryMethod DelegatingViewSingletonFromFactory InheritingPainterDraws InheritingPainterFactoryMethodDefined InheritingPainterIsFocusable InheritingPainterPaintDefined InheritingPainterRegistersWithLocatables InheritingPainterRepaints InheritingPainterSingletonFromFactory InheritingViewISAPropertyChangeListener ObservablePainterIsFocusable ObservablePainterPaintListenersProperty ObservablePainterSingletonFromFactory TaggedInheritingPainter ,
38,Fri Jun 11 22:05:40 EDT 2021,66,1,A3Style,A3Encapsulation+ A3MainCallsDelegatingViewFactoryMethod A3MainCallsGet A3MainCallsObservablePainterFactoryMethod A3MainCallsPut A3NamingConventions A3NoStarImports A3PackageDeclarations A3SimplifyBooleanExpressions A3SimplifyBooleanReturns ArthurBridgeSceneController AvatarTableFactoryMethodDefined AvatarTableSemantics BoundedShapeAnnouncesPropertyChangeEvent BoundedShapeInstantiatesPropertyChangeEvent BridgeSceneAvatarApproachCalled BridgeSceneCallsAvatarTableFactoryMethod BridgeSceneStringApproachMethodDefined ConsoleSceneViewGetsBridgeScene ConsoleSceneViewISAPropertyChangeListener ConsoleSceneViewPrintsPropertyChangeEvent DelegatingViewFactoryMethodDefined ExistingPaintListener GalahadBridgeSceneController LancelotBridgeSceneController LocatableAnnouncesPropertyChangeEvent LocatableInstantiatesPropertyChangeEvent Locatable_IS_A_PropertyListenerRegisterer NoIllegalGetOrPut ObservablePainterFactoryMethodDefined PaintListenerISAPropertyChangeListener PaintListenerPaintDefined PaintListenerRepaints RobinBridgeSceneController SceneControllerAccessesArthur SceneControllerAccessesGalahad SceneControllerAccessesLancelot SceneControllerAccessesRobin SceneControllerFactoryMethodDefined SceneControllerISAKeyListener SceneControllerISAMouseListener SceneControllerRegistersAsKeyListener SceneControllerRegistersAsMouseListener SceneControllerSingletonFromFactory TableIsGeneric TableSemantics TaggedBridgeSceneController TaggedConsoleSceneView TaggedDelegatingView TaggedLocatable TaggedObservablePainter TaggedTable ,A3CommonPropertiesAreInherited A3CommonSignaturesAreInherited A3InterfaceAsType A3MnemonicNames A3NamedConstants A3NonPublicAccessModifiersMatched A3PublicMethodsOverride NewPaintListener ,A3MainCallsSetVisible A3NoHiddenFields ConsoleSceneViewRegistersWithLocatables LocatablePropertyChangeListenersProperty ,A3MainCallsInheritingPainterFactoryMethod DelegatingViewSingletonFromFactory InheritingPainterDraws InheritingPainterFactoryMethodDefined InheritingPainterIsFocusable InheritingPainterPaintDefined InheritingPainterRegistersWithLocatables InheritingPainterRepaints InheritingPainterSingletonFromFactory InheritingViewISAPropertyChangeListener ObservablePainterIsFocusable ObservablePainterPaintListenersProperty ObservablePainterSingletonFromFactory TaggedInheritingPainter ,
39,Fri Jun 11 22:12:23 EDT 2021,67,1,A3ConsoleSceneView,A3Encapsulation A3MainCallsDelegatingViewFactoryMethod A3MainCallsGet A3MainCallsObservablePainterFactoryMethod A3MainCallsPut A3NamingConventions A3NoStarImports A3PackageDeclarations A3SimplifyBooleanExpressions A3SimplifyBooleanReturns ArthurBridgeSceneController AvatarTableFactoryMethodDefined AvatarTableSemantics BoundedShapeAnnouncesPropertyChangeEvent BoundedShapeInstantiatesPropertyChangeEvent BridgeSceneAvatarApproachCalled BridgeSceneCallsAvatarTableFactoryMethod BridgeSceneStringApproachMethodDefined ConsoleSceneViewGetsBridgeScene ConsoleSceneViewISAPropertyChangeListener ConsoleSceneViewPrintsPropertyChangeEvent DelegatingViewFactoryMethodDefined ExistingPaintListener GalahadBridgeSceneController LancelotBridgeSceneController LocatableAnnouncesPropertyChangeEvent LocatableInstantiatesPropertyChangeEvent Locatable_IS_A_PropertyListenerRegisterer NewPaintListener+ NoIllegalGetOrPut ObservablePainterFactoryMethodDefined PaintListenerISAPropertyChangeListener PaintListenerPaintDefined PaintListenerRepaints RobinBridgeSceneController SceneControllerAccessesArthur SceneControllerAccessesGalahad SceneControllerAccessesLancelot SceneControllerAccessesRobin SceneControllerFactoryMethodDefined SceneControllerISAKeyListener SceneControllerISAMouseListener SceneControllerRegistersAsKeyListener SceneControllerRegistersAsMouseListener SceneControllerSingletonFromFactory TableIsGeneric TableSemantics TaggedBridgeSceneController TaggedConsoleSceneView TaggedDelegatingView TaggedLocatable TaggedObservablePainter TaggedTable ,A3CommonPropertiesAreInherited A3CommonSignaturesAreInherited A3InterfaceAsType A3MnemonicNames A3NamedConstants A3NonPublicAccessModifiersMatched A3PublicMethodsOverride ,A3MainCallsSetVisible A3NoHiddenFields ConsoleSceneViewRegistersWithLocatables LocatablePropertyChangeListenersProperty ,A3MainCallsInheritingPainterFactoryMethod DelegatingViewSingletonFromFactory InheritingPainterDraws InheritingPainterFactoryMethodDefined InheritingPainterIsFocusable InheritingPainterPaintDefined InheritingPainterRegistersWithLocatables InheritingPainterRepaints InheritingPainterSingletonFromFactory InheritingViewISAPropertyChangeListener ObservablePainterIsFocusable ObservablePainterPaintListenersProperty ObservablePainterSingletonFromFactory TaggedInheritingPainter ,
40,Fri Jun 11 22:13:50 EDT 2021,67,0,A3Style,A3Encapsulation A3MainCallsDelegatingViewFactoryMethod A3MainCallsGet A3MainCallsObservablePainterFactoryMethod A3MainCallsPut A3NamingConventions A3NoStarImports A3PackageDeclarations A3SimplifyBooleanExpressions A3SimplifyBooleanReturns ArthurBridgeSceneController AvatarTableFactoryMethodDefined AvatarTableSemantics BoundedShapeAnnouncesPropertyChangeEvent BoundedShapeInstantiatesPropertyChangeEvent BridgeSceneAvatarApproachCalled BridgeSceneCallsAvatarTableFactoryMethod BridgeSceneStringApproachMethodDefined ConsoleSceneViewGetsBridgeScene ConsoleSceneViewISAPropertyChangeListener ConsoleSceneViewPrintsPropertyChangeEvent DelegatingViewFactoryMethodDefined ExistingPaintListener GalahadBridgeSceneController LancelotBridgeSceneController LocatableAnnouncesPropertyChangeEvent LocatableInstantiatesPropertyChangeEvent Locatable_IS_A_PropertyListenerRegisterer NewPaintListener NoIllegalGetOrPut ObservablePainterFactoryMethodDefined PaintListenerISAPropertyChangeListener PaintListenerPaintDefined PaintListenerRepaints RobinBridgeSceneController SceneControllerAccessesArthur SceneControllerAccessesGalahad SceneControllerAccessesLancelot SceneControllerAccessesRobin SceneControllerFactoryMethodDefined SceneControllerISAKeyListener SceneControllerISAMouseListener SceneControllerRegistersAsKeyListener SceneControllerRegistersAsMouseListener SceneControllerSingletonFromFactory TableIsGeneric TableSemantics TaggedBridgeSceneController TaggedConsoleSceneView TaggedDelegatingView TaggedLocatable TaggedObservablePainter TaggedTable ,A3CommonPropertiesAreInherited A3CommonSignaturesAreInherited A3InterfaceAsType A3MnemonicNames A3NamedConstants A3NonPublicAccessModifiersMatched A3PublicMethodsOverride ,A3MainCallsSetVisible A3NoHiddenFields ConsoleSceneViewRegistersWithLocatables LocatablePropertyChangeListenersProperty ,A3MainCallsInheritingPainterFactoryMethod DelegatingViewSingletonFromFactory InheritingPainterDraws InheritingPainterFactoryMethodDefined InheritingPainterIsFocusable InheritingPainterPaintDefined InheritingPainterRegistersWithLocatables InheritingPainterRepaints InheritingPainterSingletonFromFactory InheritingViewISAPropertyChangeListener ObservablePainterIsFocusable ObservablePainterPaintListenersProperty ObservablePainterSingletonFromFactory TaggedInheritingPainter ,
41,Fri Jun 11 22:15:24 EDT 2021,73,6,DelegatingPainter,A3Encapsulation A3MainCallsDelegatingViewFactoryMethod A3MainCallsGet A3MainCallsObservablePainterFactoryMethod A3MainCallsPut A3NamingConventions A3NoStarImports A3PackageDeclarations A3SimplifyBooleanExpressions A3SimplifyBooleanReturns ArthurBridgeSceneController AvatarTableFactoryMethodDefined AvatarTableSemantics BoundedShapeAnnouncesPropertyChangeEvent BoundedShapeInstantiatesPropertyChangeEvent BridgeSceneAvatarApproachCalled BridgeSceneCallsAvatarTableFactoryMethod BridgeSceneStringApproachMethodDefined ConsoleSceneViewGetsBridgeScene ConsoleSceneViewISAPropertyChangeListener ConsoleSceneViewPrintsPropertyChangeEvent DelegatingViewFactoryMethodDefined DelegatingViewSingletonFromFactory+ ExistingPaintListener GalahadBridgeSceneController LancelotBridgeSceneController LocatableAnnouncesPropertyChangeEvent LocatableInstantiatesPropertyChangeEvent Locatable_IS_A_PropertyListenerRegisterer NewPaintListener NoIllegalGetOrPut ObservablePainterFactoryMethodDefined ObservablePainterIsFocusable+ ObservablePainterPaintListenersProperty+ ObservablePainterSingletonFromFactory+ PaintListenerISAPropertyChangeListener PaintListenerPaintDefined PaintListenerRepaints RobinBridgeSceneController SceneControllerAccessesArthur SceneControllerAccessesGalahad SceneControllerAccessesLancelot SceneControllerAccessesRobin SceneControllerFactoryMethodDefined SceneControllerISAKeyListener SceneControllerISAMouseListener SceneControllerRegistersAsKeyListener SceneControllerRegistersAsMouseListener SceneControllerSingletonFromFactory TableIsGeneric TableSemantics TaggedBridgeSceneController TaggedConsoleSceneView TaggedDelegatingView TaggedLocatable TaggedObservablePainter TaggedTable ,A3CommonPropertiesAreInherited A3CommonSignaturesAreInherited A3InterfaceAsType A3MnemonicNames A3NamedConstants A3NonPublicAccessModifiersMatched A3PublicMethodsOverride ,A3MainCallsSetVisible A3NoHiddenFields ConsoleSceneViewRegistersWithLocatables LocatablePropertyChangeListenersProperty ,A3MainCallsInheritingPainterFactoryMethod InheritingPainterDraws InheritingPainterFactoryMethodDefined InheritingPainterIsFocusable InheritingPainterPaintDefined InheritingPainterRegistersWithLocatables InheritingPainterRepaints InheritingPainterSingletonFromFactory InheritingViewISAPropertyChangeListener TaggedInheritingPainter ,
42,Fri Jun 11 22:15:38 EDT 2021,73,0,BridgeSceneController,A3Encapsulation A3MainCallsDelegatingViewFactoryMethod A3MainCallsGet A3MainCallsObservablePainterFactoryMethod A3MainCallsPut A3NamingConventions A3NoStarImports A3PackageDeclarations A3SimplifyBooleanExpressions A3SimplifyBooleanReturns ArthurBridgeSceneController AvatarTableFactoryMethodDefined AvatarTableSemantics BoundedShapeAnnouncesPropertyChangeEvent BoundedShapeInstantiatesPropertyChangeEvent BridgeSceneAvatarApproachCalled BridgeSceneCallsAvatarTableFactoryMethod BridgeSceneStringApproachMethodDefined ConsoleSceneViewGetsBridgeScene ConsoleSceneViewISAPropertyChangeListener ConsoleSceneViewPrintsPropertyChangeEvent DelegatingViewFactoryMethodDefined DelegatingViewSingletonFromFactory ExistingPaintListener GalahadBridgeSceneController LancelotBridgeSceneController LocatableAnnouncesPropertyChangeEvent LocatableInstantiatesPropertyChangeEvent Locatable_IS_A_PropertyListenerRegisterer NewPaintListener NoIllegalGetOrPut ObservablePainterFactoryMethodDefined ObservablePainterIsFocusable ObservablePainterPaintListenersProperty ObservablePainterSingletonFromFactory PaintListenerISAPropertyChangeListener PaintListenerPaintDefined PaintListenerRepaints RobinBridgeSceneController SceneControllerAccessesArthur SceneControllerAccessesGalahad SceneControllerAccessesLancelot SceneControllerAccessesRobin SceneControllerFactoryMethodDefined SceneControllerISAKeyListener SceneControllerISAMouseListener SceneControllerRegistersAsKeyListener SceneControllerRegistersAsMouseListener SceneControllerSingletonFromFactory TableIsGeneric TableSemantics TaggedBridgeSceneController TaggedConsoleSceneView TaggedDelegatingView TaggedLocatable TaggedObservablePainter TaggedTable ,A3CommonPropertiesAreInherited A3CommonSignaturesAreInherited A3InterfaceAsType A3MnemonicNames A3NamedConstants A3NonPublicAccessModifiersMatched A3PublicMethodsOverride ,A3MainCallsSetVisible A3NoHiddenFields ConsoleSceneViewRegistersWithLocatables LocatablePropertyChangeListenersProperty ,A3MainCallsInheritingPainterFactoryMethod InheritingPainterDraws InheritingPainterFactoryMethodDefined InheritingPainterIsFocusable InheritingPainterPaintDefined InheritingPainterRegistersWithLocatables InheritingPainterRepaints InheritingPainterSingletonFromFactory InheritingViewISAPropertyChangeListener TaggedInheritingPainter ,
43,Fri Jun 11 22:15:49 EDT 2021,73,0,A3Observables,A3Encapsulation A3MainCallsDelegatingViewFactoryMethod A3MainCallsGet A3MainCallsObservablePainterFactoryMethod A3MainCallsPut A3NamingConventions A3NoStarImports A3PackageDeclarations A3SimplifyBooleanExpressions A3SimplifyBooleanReturns ArthurBridgeSceneController AvatarTableFactoryMethodDefined AvatarTableSemantics BoundedShapeAnnouncesPropertyChangeEvent BoundedShapeInstantiatesPropertyChangeEvent BridgeSceneAvatarApproachCalled BridgeSceneCallsAvatarTableFactoryMethod BridgeSceneStringApproachMethodDefined ConsoleSceneViewGetsBridgeScene ConsoleSceneViewISAPropertyChangeListener ConsoleSceneViewPrintsPropertyChangeEvent DelegatingViewFactoryMethodDefined DelegatingViewSingletonFromFactory ExistingPaintListener GalahadBridgeSceneController LancelotBridgeSceneController LocatableAnnouncesPropertyChangeEvent LocatableInstantiatesPropertyChangeEvent Locatable_IS_A_PropertyListenerRegisterer NewPaintListener NoIllegalGetOrPut ObservablePainterFactoryMethodDefined ObservablePainterIsFocusable ObservablePainterPaintListenersProperty ObservablePainterSingletonFromFactory PaintListenerISAPropertyChangeListener PaintListenerPaintDefined PaintListenerRepaints RobinBridgeSceneController SceneControllerAccessesArthur SceneControllerAccessesGalahad SceneControllerAccessesLancelot SceneControllerAccessesRobin SceneControllerFactoryMethodDefined SceneControllerISAKeyListener SceneControllerISAMouseListener SceneControllerRegistersAsKeyListener SceneControllerRegistersAsMouseListener SceneControllerSingletonFromFactory TableIsGeneric TableSemantics TaggedBridgeSceneController TaggedConsoleSceneView TaggedDelegatingView TaggedLocatable TaggedObservablePainter TaggedTable ,A3CommonPropertiesAreInherited A3CommonSignaturesAreInherited A3InterfaceAsType A3MnemonicNames A3NamedConstants A3NonPublicAccessModifiersMatched A3PublicMethodsOverride ,A3MainCallsSetVisible A3NoHiddenFields ConsoleSceneViewRegistersWithLocatables LocatablePropertyChangeListenersProperty ,A3MainCallsInheritingPainterFactoryMethod InheritingPainterDraws InheritingPainterFactoryMethodDefined InheritingPainterIsFocusable InheritingPainterPaintDefined InheritingPainterRegistersWithLocatables InheritingPainterRepaints InheritingPainterSingletonFromFactory InheritingViewISAPropertyChangeListener TaggedInheritingPainter ,
44,Fri Jun 11 22:16:03 EDT 2021,73,0,Table,A3Encapsulation A3MainCallsDelegatingViewFactoryMethod A3MainCallsGet A3MainCallsObservablePainterFactoryMethod A3MainCallsPut A3NamingConventions A3NoStarImports A3PackageDeclarations A3SimplifyBooleanExpressions A3SimplifyBooleanReturns ArthurBridgeSceneController AvatarTableFactoryMethodDefined AvatarTableSemantics BoundedShapeAnnouncesPropertyChangeEvent BoundedShapeInstantiatesPropertyChangeEvent BridgeSceneAvatarApproachCalled BridgeSceneCallsAvatarTableFactoryMethod BridgeSceneStringApproachMethodDefined ConsoleSceneViewGetsBridgeScene ConsoleSceneViewISAPropertyChangeListener ConsoleSceneViewPrintsPropertyChangeEvent DelegatingViewFactoryMethodDefined DelegatingViewSingletonFromFactory ExistingPaintListener GalahadBridgeSceneController LancelotBridgeSceneController LocatableAnnouncesPropertyChangeEvent LocatableInstantiatesPropertyChangeEvent Locatable_IS_A_PropertyListenerRegisterer NewPaintListener NoIllegalGetOrPut ObservablePainterFactoryMethodDefined ObservablePainterIsFocusable ObservablePainterPaintListenersProperty ObservablePainterSingletonFromFactory PaintListenerISAPropertyChangeListener PaintListenerPaintDefined PaintListenerRepaints RobinBridgeSceneController SceneControllerAccessesArthur SceneControllerAccessesGalahad SceneControllerAccessesLancelot SceneControllerAccessesRobin SceneControllerFactoryMethodDefined SceneControllerISAKeyListener SceneControllerISAMouseListener SceneControllerRegistersAsKeyListener SceneControllerRegistersAsMouseListener SceneControllerSingletonFromFactory TableIsGeneric TableSemantics TaggedBridgeSceneController TaggedConsoleSceneView TaggedDelegatingView TaggedLocatable TaggedObservablePainter TaggedTable ,A3CommonPropertiesAreInherited A3CommonSignaturesAreInherited A3InterfaceAsType A3MnemonicNames A3NamedConstants A3NonPublicAccessModifiersMatched A3PublicMethodsOverride ,A3MainCallsSetVisible A3NoHiddenFields ConsoleSceneViewRegistersWithLocatables LocatablePropertyChangeListenersProperty ,A3MainCallsInheritingPainterFactoryMethod InheritingPainterDraws InheritingPainterFactoryMethodDefined InheritingPainterIsFocusable InheritingPainterPaintDefined InheritingPainterRegistersWithLocatables InheritingPainterRepaints InheritingPainterSingletonFromFactory InheritingViewISAPropertyChangeListener TaggedInheritingPainter ,
45,Fri Jun 11 22:23:37 EDT 2021,73,0,ExistingPaintListener,A3Encapsulation A3MainCallsDelegatingViewFactoryMethod A3MainCallsGet A3MainCallsObservablePainterFactoryMethod A3MainCallsPut A3NamingConventions A3NoStarImports A3PackageDeclarations A3SimplifyBooleanExpressions A3SimplifyBooleanReturns ArthurBridgeSceneController AvatarTableFactoryMethodDefined AvatarTableSemantics BoundedShapeAnnouncesPropertyChangeEvent BoundedShapeInstantiatesPropertyChangeEvent BridgeSceneAvatarApproachCalled BridgeSceneCallsAvatarTableFactoryMethod BridgeSceneStringApproachMethodDefined ConsoleSceneViewGetsBridgeScene ConsoleSceneViewISAPropertyChangeListener ConsoleSceneViewPrintsPropertyChangeEvent DelegatingViewFactoryMethodDefined DelegatingViewSingletonFromFactory ExistingPaintListener GalahadBridgeSceneController LancelotBridgeSceneController LocatableAnnouncesPropertyChangeEvent LocatableInstantiatesPropertyChangeEvent Locatable_IS_A_PropertyListenerRegisterer NewPaintListener NoIllegalGetOrPut ObservablePainterFactoryMethodDefined ObservablePainterIsFocusable ObservablePainterPaintListenersProperty ObservablePainterSingletonFromFactory PaintListenerISAPropertyChangeListener PaintListenerPaintDefined PaintListenerRepaints RobinBridgeSceneController SceneControllerAccessesArthur SceneControllerAccessesGalahad SceneControllerAccessesLancelot SceneControllerAccessesRobin SceneControllerFactoryMethodDefined SceneControllerISAKeyListener SceneControllerISAMouseListener SceneControllerRegistersAsKeyListener SceneControllerRegistersAsMouseListener SceneControllerSingletonFromFactory TableIsGeneric TableSemantics TaggedBridgeSceneController TaggedConsoleSceneView TaggedDelegatingView TaggedLocatable TaggedObservablePainter TaggedTable ,A3CommonPropertiesAreInherited A3CommonSignaturesAreInherited A3InterfaceAsType A3MnemonicNames A3NamedConstants A3NonPublicAccessModifiersMatched A3PublicMethodsOverride ,A3MainCallsSetVisible A3NoHiddenFields ConsoleSceneViewRegistersWithLocatables LocatablePropertyChangeListenersProperty ,A3MainCallsInheritingPainterFactoryMethod InheritingPainterDraws InheritingPainterFactoryMethodDefined InheritingPainterIsFocusable InheritingPainterPaintDefined InheritingPainterRegistersWithLocatables InheritingPainterRepaints InheritingPainterSingletonFromFactory InheritingViewISAPropertyChangeListener TaggedInheritingPainter ,
46,Mon Jun 14 09:21:46 EDT 2021,73,0,A3PackageDeclarations,A3Encapsulation A3MainCallsDelegatingViewFactoryMethod A3MainCallsGet A3MainCallsObservablePainterFactoryMethod A3MainCallsPut A3NamingConventions A3NoStarImports A3PackageDeclarations A3SimplifyBooleanExpressions A3SimplifyBooleanReturns ArthurBridgeSceneController AvatarTableFactoryMethodDefined AvatarTableSemantics BoundedShapeAnnouncesPropertyChangeEvent BoundedShapeInstantiatesPropertyChangeEvent BridgeSceneAvatarApproachCalled BridgeSceneCallsAvatarTableFactoryMethod BridgeSceneStringApproachMethodDefined ConsoleSceneViewGetsBridgeScene ConsoleSceneViewISAPropertyChangeListener ConsoleSceneViewPrintsPropertyChangeEvent DelegatingViewFactoryMethodDefined DelegatingViewSingletonFromFactory ExistingPaintListener GalahadBridgeSceneController LancelotBridgeSceneController LocatableAnnouncesPropertyChangeEvent LocatableInstantiatesPropertyChangeEvent Locatable_IS_A_PropertyListenerRegisterer NewPaintListener NoIllegalGetOrPut ObservablePainterFactoryMethodDefined ObservablePainterIsFocusable ObservablePainterPaintListenersProperty ObservablePainterSingletonFromFactory PaintListenerISAPropertyChangeListener PaintListenerPaintDefined PaintListenerRepaints RobinBridgeSceneController SceneControllerAccessesArthur SceneControllerAccessesGalahad SceneControllerAccessesLancelot SceneControllerAccessesRobin SceneControllerFactoryMethodDefined SceneControllerISAKeyListener SceneControllerISAMouseListener SceneControllerRegistersAsKeyListener SceneControllerRegistersAsMouseListener SceneControllerSingletonFromFactory TableIsGeneric TableSemantics TaggedBridgeSceneController TaggedConsoleSceneView TaggedDelegatingView TaggedLocatable TaggedObservablePainter TaggedTable ,A3CommonPropertiesAreInherited A3CommonSignaturesAreInherited A3InterfaceAsType A3MnemonicNames A3NamedConstants A3NonPublicAccessModifiersMatched A3PublicMethodsOverride ,A3MainCallsSetVisible A3NoHiddenFields ConsoleSceneViewRegistersWithLocatables LocatablePropertyChangeListenersProperty ,A3MainCallsInheritingPainterFactoryMethod InheritingPainterDraws InheritingPainterFactoryMethodDefined InheritingPainterIsFocusable InheritingPainterPaintDefined InheritingPainterRegistersWithLocatables InheritingPainterRepaints InheritingPainterSingletonFromFactory InheritingViewISAPropertyChangeListener TaggedInheritingPainter ,
47,Mon Jun 14 09:22:23 EDT 2021,73,0,A3NamedConstants,A3Encapsulation A3MainCallsDelegatingViewFactoryMethod A3MainCallsGet A3MainCallsObservablePainterFactoryMethod A3MainCallsPut A3NamingConventions A3NoStarImports A3PackageDeclarations A3SimplifyBooleanExpressions A3SimplifyBooleanReturns ArthurBridgeSceneController AvatarTableFactoryMethodDefined AvatarTableSemantics BoundedShapeAnnouncesPropertyChangeEvent BoundedShapeInstantiatesPropertyChangeEvent BridgeSceneAvatarApproachCalled BridgeSceneCallsAvatarTableFactoryMethod BridgeSceneStringApproachMethodDefined ConsoleSceneViewGetsBridgeScene ConsoleSceneViewISAPropertyChangeListener ConsoleSceneViewPrintsPropertyChangeEvent DelegatingViewFactoryMethodDefined DelegatingViewSingletonFromFactory ExistingPaintListener GalahadBridgeSceneController LancelotBridgeSceneController LocatableAnnouncesPropertyChangeEvent LocatableInstantiatesPropertyChangeEvent Locatable_IS_A_PropertyListenerRegisterer NewPaintListener NoIllegalGetOrPut ObservablePainterFactoryMethodDefined ObservablePainterIsFocusable ObservablePainterPaintListenersProperty ObservablePainterSingletonFromFactory PaintListenerISAPropertyChangeListener PaintListenerPaintDefined PaintListenerRepaints RobinBridgeSceneController SceneControllerAccessesArthur SceneControllerAccessesGalahad SceneControllerAccessesLancelot SceneControllerAccessesRobin SceneControllerFactoryMethodDefined SceneControllerISAKeyListener SceneControllerISAMouseListener SceneControllerRegistersAsKeyListener SceneControllerRegistersAsMouseListener SceneControllerSingletonFromFactory TableIsGeneric TableSemantics TaggedBridgeSceneController TaggedConsoleSceneView TaggedDelegatingView TaggedLocatable TaggedObservablePainter TaggedTable ,A3CommonPropertiesAreInherited A3CommonSignaturesAreInherited A3InterfaceAsType A3MnemonicNames A3NamedConstants A3NonPublicAccessModifiersMatched A3PublicMethodsOverride ,A3MainCallsSetVisible A3NoHiddenFields ConsoleSceneViewRegistersWithLocatables LocatablePropertyChangeListenersProperty ,A3MainCallsInheritingPainterFactoryMethod InheritingPainterDraws InheritingPainterFactoryMethodDefined InheritingPainterIsFocusable InheritingPainterPaintDefined InheritingPainterRegistersWithLocatables InheritingPainterRepaints InheritingPainterSingletonFromFactory InheritingViewISAPropertyChangeListener TaggedInheritingPainter ,
